timestamp,open,high,low,close,volume,time_iso,ohlc,is_closed,RSI,MACD,MACD_Signal,MACD_Histogram,BB_Upper,BB_Middle,BB_Lower,BB_Width,BB_Position,ATR,Stoch_K,Stoch_D,Williams_R,CCI,VWAP,Volume_RSI,OBV,Momentum,ROC
1757782800000,115341.0,115599.2,115181.8,115583.9,0,2025-09-13T17:00:00Z,"{'open': 115341.0, 'high': 115599.2, 'low': 115181.8, 'close': 115583.9}",True,,,,,,,,,,0.0,,,,,,,0,,
1757779200000,115786.7,115836.8,115126.0,115340.9,1,2025-09-13T16:00:00Z,"{'open': 115786.7, 'high': 115836.8, 'low': 115126.0, 'close': 115340.9}",True,,,,,,,,,,0.0,,,,,,,-1,,
1757775600000,115814.3,115939.4,115625.4,115786.7,1,2025-09-13T15:00:00Z,"{'open': 115814.3, 'high': 115939.4, 'low': 115625.4, 'close': 115786.7}",True,,,,,,,,,,0.0,,,,,,,0,,
1757772000000,115770.7,115974.0,115619.4,115814.4,1,2025-09-13T14:00:00Z,"{'open': 115770.7, 'high': 115974.0, 'low': 115619.4, 'close': 115814.4}",True,,,,,,,,,,0.0,,,,,,,1,,
1757768400000,116031.2,116033.0,115634.7,115770.4,1,2025-09-13T13:00:00Z,"{'open': 116031.2, 'high': 116033.0, 'low': 115634.7, 'close': 115770.4}",True,,,,,,,,,,0.0,,,,,,,0,,
1757764800000,115991.5,116079.0,115884.0,116031.2,1,2025-09-13T12:00:00Z,"{'open': 115991.5, 'high': 116079.0, 'low': 115884.0, 'close': 116031.2}",True,,,,,,,,,,0.0,,,,,,,1,,
1757761200000,115966.9,116034.5,115901.1,115991.5,1,2025-09-13T11:00:00Z,"{'open': 115966.9, 'high': 116034.5, 'low': 115901.1, 'close': 115991.5}",True,,,,,,,,,,0.0,,,,,,,0,,
1757757600000,116059.4,116212.2,115944.7,115967.0,1,2025-09-13T10:00:00Z,"{'open': 116059.4, 'high': 116212.2, 'low': 115944.7, 'close': 115967.0}",True,,,,,,,,,,0.0,,,,,,,-1,,
1757754000000,116007.7,116068.9,115876.5,116059.4,1,2025-09-13T09:00:00Z,"{'open': 116007.7, 'high': 116068.9, 'low': 115876.5, 'close': 116059.4}",True,,,,,,,,,,0.0,,,,,,,0,,
1757750400000,115807.7,116111.4,115803.3,116007.7,1,2025-09-13T08:00:00Z,"{'open': 115807.7, 'high': 116111.4, 'low': 115803.3, 'close': 116007.7}",True,,,,,,,,,,0.0,,,,,,,-1,,
1757746800000,115772.4,115889.5,115733.6,115807.7,1,2025-09-13T07:00:00Z,"{'open': 115772.4, 'high': 115889.5, 'low': 115733.6, 'close': 115807.7}",True,,,,,,,,,,0.0,,,,,,,-2,223.8000000000029,
1757743200000,115736.6,115840.4,115690.5,115772.4,1,2025-09-13T06:00:00Z,"{'open': 115736.6, 'high': 115840.4, 'low': 115690.5, 'close': 115772.4}",True,,,,,,,,,,0.0,,,,,,,-3,431.5,
1757739600000,115721.9,115871.7,115687.0,115736.6,1,2025-09-13T05:00:00Z,"{'open': 115721.9, 'high': 115871.7, 'low': 115687.0, 'close': 115736.6}",True,,,,,,,,,,0.0,,,,,,,-4,-50.09999999999127,0.13211182526287107
1757736000000,115988.7,115988.7,115707.9,115721.9,1,2025-09-13T04:00:00Z,"{'open': 115988.7, 'high': 115988.7, 'low': 115707.9, 'close': 115721.9}",True,48.816375199206036,,,,,,,,,327.0785714285698,54.86098324433767,,-45.13901675566233,,115844.13846153846,100.0,-5,-92.5,0.3303251491881891
1757732400000,115899.4,116036.8,115869.2,115988.8,1,2025-09-13T03:00:00Z,"{'open': 115899.4, 'high': 116036.8, 'low': 115869.2, 'close': 115988.8}",True,61.669577967480926,,,,,,,,,326.20867346938684,79.43288528816105,,-20.56711471183896,,115852.76666666668,100.0,-4,218.40000000000873,0.17454509023921214
1757728800000,115782.0,116015.3,115702.0,115899.4,1,2025-09-13T02:00:00Z,"{'open': 115782.0, 'high': 116015.3, 'low': 115702.0, 'close': 115899.4}",True,56.54727102744135,,,,,,,,,325.2866253644308,47.23346828609964,60.50911227286611,-52.76653171390036,,115884.02857142857,100.0,-5,-131.8000000000029,0.07339329133510168
1757725200000,116242.3,116298.4,115616.5,115782.0,1,2025-09-13T01:00:00Z,"{'open': 116242.3, 'high': 116298.4, 'low': 115616.5, 'close': 115782.0}",True,50.60315254037569,,,,,,,,,350.759009266971,24.2704208828276,50.312258152362766,-75.72957911717239,,115892.25238095238,100.0,-6,-209.5,0.010019832357844339
1757721600000,116073.0,116310.7,115997.0,116242.3,1,2025-09-13T00:00:00Z,"{'open': 116073.0, 'high': 116310.7, 'low': 115997.0, 'close': 116242.3}",True,65.78803386169614,,,,,,,,,363.46908003361574,90.14693171996622,53.88360696296448,-9.853068280033774,,115919.44761904761,100.0,-5,275.3000000000029,0.18193382469543176
1757718000000,116058.7,116201.8,115960.3,116073.0,1,2025-09-12T23:00:00Z,"{'open': 116058.7, 'high': 116201.8, 'low': 115960.3, 'close': 116073.0}",True,58.64703599059733,,,,,,,,,357.64986003121464,65.75914721982166,60.05883327420515,-34.24085278017835,,115938.42380952381,100.0,-6,13.60000000000582,0.07026376932792489
1757714400000,115894.1,116409.4,115893.5,116058.7,1,2025-09-12T22:00:00Z,"{'open': 115894.1, 'high': 116409.4, 'low': 115893.5, 'close': 116058.7}",True,58.07363979706479,,,,116266.24609443377,115871.795,115477.34390556623,788.9021888675343,0.7369178367578118,368.95344145755604,55.76995838062812,70.55867910680531,-44.23004161937188,110.78411273850982,115947.17142857143,100.0,-7,51.0,0.07907421938999637
1757710800000,116183.6,116183.6,115774.8,115893.8,1,2025-09-12T21:00:00Z,"{'open': 116183.6, 'high': 116183.6, 'low': 115774.8, 'close': 115893.8}",True,51.78596446876488,,,,116258.97726585665,115887.29,115515.60273414334,743.3745317133144,0.5087573621670965,371.7996242105879,34.97288434859439,52.16732998301472,-65.02711565140561,25.561035488050344,115945.3880952381,100.0,-8,86.10000000000582,-0.14268555584467202
1757707200000,116686.5,116686.5,116002.0,116184.1,1,2025-09-12T20:00:00Z,"{'open': 116686.5, 'high': 116686.5, 'low': 116002.0, 'close': 116184.1}",True,59.997262851548705,,,,116227.69887258798,115929.45,115631.20112741202,596.4977451759623,0.9269085710037158,401.8639367669743,53.04672897196316,47.92985723372855,-46.95327102803684,194.6018118979098,115963.21428571429,100.0,-7,411.70000000001164,0.15205887195419676
1757703600000,116488.9,116711.2,116242.9,116687.1,1,2025-09-12T19:00:00Z,"{'open': 116488.9, 'high': 116711.2, 'low': 116242.9, 'close': 116687.1}",True,69.6441362270133,,,,116412.1643915565,115974.47,115536.77560844351,875.3887831129832,1.3140725740919486,410.80936985504695,97.79848360281434,61.93936564112396,-2.201516397185652,269.28384521353945,116002.17619047618,100.0,-6,950.5,0.7593622876544555
1757700000000,115814.6,116504.9,115766.1,116489.0,1,2025-09-12T18:00:00Z,"{'open': 115814.6, 'high': 116504.9, 'low': 115766.1, 'close': 116489.0}",True,63.181793415526705,,,,116492.81249674353,116008.2,115523.58750325647,969.2249934870633,0.9960664481733883,447.2515577225436,79.7022015163974,76.84913803039163,-20.2977984836026,111.92895838394463,116022.11904761904,100.0,-7,767.1000000000058,0.618973088577248
1757696400000,115467.1,115928.1,115374.0,115814.6,1,2025-09-12T17:00:00Z,"{'open': 115467.1, 'high': 115928.1, 'low': 115374.0, 'close': 115814.6}",True,47.143861709469206,,,,116491.05140437545,116010.41,115529.76859562456,961.282808750897,0.29630344138325365,494.9478750280762,32.94944660484645,70.15004390801938,-67.05055339515354,-129.78317730671515,116014.64047619047,100.0,-8,-174.1999999999971,0.06739441110245159
1757692800000,115092.0,115495.4,114996.6,115467.1,1,2025-09-12T16:00:00Z,"{'open': 115092.0, 'high': 115495.4, 'low': 114996.6, 'close': 115467.1}",True,41.32320085544912,72.66555534549116,,,116517.72790137772,115982.205,115446.68209862229,1071.0458027554268,0.019063518409006757,518.023026811785,27.440802519538224,46.697483546927344,-72.55919748046178,-239.19342111752732,115982.63571428573,100.0,-9,-432.29999999998836,-0.22018304227634386
1757689200000,115249.1,115274.2,114906.8,115092.0,1,2025-09-12T15:00:00Z,"{'open': 115249.1, 'high': 115274.2, 'low': 114906.8, 'close': 115092.0}",True,36.13671967165178,-5.051413830558886,,,116598.4179342517,115937.23000000001,115276.04206574832,1322.3758685033827,-0.13917530569928754,521.0428106109434,10.263799600975265,23.55134957511997,-89.73620039902474,-244.8981896924985,115934.48571428572,100.0,-10,-690.0,-0.7731780999544808
1757685600000,115144.9,115461.7,114849.5,115249.1,1,2025-09-12T14:00:00Z,"{'open': 115144.9, 'high': 115461.7, 'low': 114849.5, 'close': 115249.1}",True,39.55831929174327,-53.35101744336134,,,116626.96783353224,115901.335,115175.70216646777,1451.2656670644647,0.0505750499015777,527.5540384244472,21.46425310200389,19.722951740839118,-78.5357468979961,-178.2738587396067,115890.24285714285,100.0,-9,-993.1999999999971,-0.5610900487836765
1757682000000,115057.3,115197.3,114795.7,115145.1,1,2025-09-12T13:00:00Z,"{'open': 115057.3, 'high': 115197.3, 'low': 114795.7, 'close': 115145.1}",True,38.10293322111124,-98.8808947189973,,,116647.80995853267,115855.62,115063.43004146732,1584.379917065351,0.051546953892194124,522.2573213941301,18.240668232837834,16.656240311938987,-81.75933176716217,-175.3736632560456,115824.60714285713,100.0,-10,-927.8999999999942,-0.5500855055189876
1757678400000,114903.7,115164.0,114727.2,115057.3,1,2025-09-12T12:00:00Z,"{'open': 114903.7, 'high': 115164.0, 'low': 114727.2, 'close': 115057.3}",True,36.86967078864427,-140.42959179000172,,,116669.12823879361,115808.1,114947.0717612064,1722.0564775872044,0.0640096537066203,516.1532270088353,16.63810483870997,18.781008724517225,-83.36189516129004,-157.09079973819783,115761.07857142857,100.0,-11,-1001.3999999999942,-1.0194223617392293
1757674800000,114977.5,115146.5,114889.2,114903.7,1,2025-09-12T11:00:00Z,"{'open': 114977.5, 'high': 115146.5, 'low': 114889.2, 'close': 114903.7}",True,34.75062152963568,-183.63464400472003,,,116709.88749094168,115762.9,114815.91250905831,1893.9749818833661,0.046350924263207645,497.6637107939187,8.89616935483871,14.591647475462162,-91.1038306451613,-130.97772962810615,115695.42380952381,100.0,-12,-990.1000000000058,-1.0073832846570718
1757671200000,115050.3,115088.8,114919.4,114977.5,1,2025-09-12T10:00:00Z,"{'open': 115050.3, 'high': 115088.8, 'low': 114919.4, 'close': 114977.5}",True,36.63501233602401,-209.50487415579846,,,116730.04090709175,115723.15499999998,114716.26909290822,2013.7718141835358,0.1297221985390123,475.3377314514964,12.615927419354986,12.716733870967879,-87.38407258064501,-109.25686792958497,115610.55952380951,100.0,-11,-1206.6000000000058,-0.9315975450353977
1757667600000,115053.0,115132.4,114870.3,115050.3,1,2025-09-12T09:00:00Z,"{'open': 115053.0, 'high': 115132.4, 'low': 114870.3, 'close': 115050.3}",True,38.52117800478214,-221.57864565130149,,,116737.46756477219,115688.84000000001,114640.21243522783,2097.2551295443554,0.19553537335310472,460.106464919246,16.28528225806481,12.599126344086159,-83.71471774193519,-91.80784345449156,115534.79523809523,100.0,-10,-1636.800000000003,-0.7278215055507715
1757664000000,115079.1,115280.0,114949.9,115053.0,1,2025-09-12T08:00:00Z,"{'open': 115079.1, 'high': 115280.0, 'low': 114949.9, 'close': 115053.0}",True,38.59418375327978,-228.2976558469236,-135.53492068513324,-92.76273516179035,116739.73138964118,115655.39500000002,114571.05861035886,2168.672779282322,0.22222872636444077,450.82028885358596,16.42137096774208,15.107526881720617,-83.57862903225792,-72.04729458251731,115461.49285714286,100.0,-9,-1436.0,-0.9735411299825069
1757660400000,115311.5,115400.5,115071.3,115079.3,1,2025-09-12T07:00:00Z,"{'open': 115311.5, 'high': 115400.5, 'low': 115071.3, 'close': 115079.3}",True,39.34969541891288,-228.8621492383827,-154.20036639578313,-74.66178284259956,116710.6737483016,115609.92,114509.16625169839,2201.5074966032116,0.2589742479556809,443.440268221187,17.746975806451907,16.817876344086258,-82.2530241935481,-54.13874718583803,115406.70476190477,100.0,-8,-735.3000000000029,-1.3778729611071
1757656800000,115608.3,115608.3,115250.5,115311.4,1,2025-09-12T06:00:00Z,"{'open': 115608.3, 'high': 115608.3, 'low': 115250.5, 'close': 115311.4}",True,45.69922785916437,-208.18120076460764,-164.99653326954802,-43.184667495059614,116680.18562117765,115580.51999999999,114480.85437882233,2199.3312423553143,0.3776355308299133,449.5516776339594,29.445564516128886,21.20463709677428,-70.55443548387112,-23.731004797700365,115342.3619047619,100.0,-7,-155.70000000001164,-1.0109109014585118
1757653200000,115358.9,115654.8,115313.5,115608.3,1,2025-09-12T05:00:00Z,"{'open': 115358.9, 'high': 115654.8, 'low': 115313.5, 'close': 115608.3}",True,52.54345780219656,-165.92141263540543,-165.1815091427195,-0.7399034926859258,116667.73566570837,115571.835,114475.93433429164,2191.801331416733,0.5166370005699497,441.96941494582006,49.564043426900334,32.25219458316037,-50.435956573099666,-3.0281395118340595,115269.39523809523,100.0,-6,516.3000000000029,-0.17812952771067112
1757649600000,115194.9,115505.6,115067.9,115358.9,1,2025-09-12T04:00:00Z,"{'open': 115194.9, 'high': 115505.6, 'low': 115067.9, 'close': 115358.9}",True,47.16553808028277,-150.81620640728215,-162.30844859563206,11.492242188349906,116582.34879768538,115527.66500000001,114472.98120231464,2109.3675953707425,0.4199926080355132,449.00017102111923,52.602215005411985,43.870607649480384,-47.397784994588015,-28.906880526127356,115202.07142857143,100.0,-7,109.79999999998836,-0.09370634579028281
1757646000000,115388.5,115424.7,115039.9,115195.3,1,2025-09-12T03:00:00Z,"{'open': 115388.5, 'high': 115424.7, 'low': 115039.9, 'close': 115195.3}",True,43.98519671722986,-150.3136521669221,-159.90948930989006,9.595837142967952,116516.86740501471,115483.77999999998,114450.69259498526,2066.17481002945,0.36037967426586254,444.41444451961087,50.463561880121055,50.876606770811115,-49.536438119878945,-38.4701733909202,115167.38571428573,100.0,-8,50.19999999999709,0.08975428352970051
1757642400000,115367.7,115655.7,115247.2,115389.0,1,2025-09-12T02:00:00Z,"{'open': 115367.7, 'high': 115655.7, 'low': 115247.2, 'close': 115389.0}",True,48.41987707063841,-132.75508514480316,-154.4786084768727,21.723523332069533,116449.53203589292,115450.295,114451.05796410708,1998.4740717858367,0.4693290992035613,445.5562699110668,71.27625201938642,58.114009634973144,-28.72374798061358,0.8157522597432089,115175.30952380951,100.0,-7,331.6999999999971,0.12138923427601099
1757638800000,115835.5,116010.1,115356.8,115368.7,1,2025-09-12T01:00:00Z,"{'open': 115835.5, 'high': 116010.1, 'low': 115356.8, 'close': 115368.7}",True,47.99106109208701,-119.10486784661771,-147.4038603508217,28.298992504203994,116402.6663666998,115424.04,114445.41363330018,1957.2527333996259,0.4717256749444542,460.39510777456223,50.00389741990768,57.247903773138376,-49.99610258009232,32.777880503392794,115210.13333333333,100.0,-8,465.0,0.19418976578247035
1757635200000,115480.1,116311.6,115401.6,115835.5,1,2025-09-12T00:00:00Z,"{'open': 115480.1, 'high': 116311.6, 'low': 115401.6, 'close': 115835.5}",True,57.345745239595175,-69.81532588539994,-131.88615345773735,62.07082757233741,116341.92597420342,115406.61000000002,114471.29402579661,1870.631948406808,0.7292754597531944,494.8597429335227,69.95077000757364,63.743639815622565,-30.04922999242636,96.78927236620922,115257.4761904762,100.0,-7,858.0,0.6763586491252593
1757631600000,115076.9,115482.7,115075.7,115480.2,1,2025-09-11T23:00:00Z,"{'open': 115076.9, 'high': 115482.7, 'low': 115075.7, 'close': 115480.2}",True,49.977342758749366,-58.745567073798156,-117.25803618094952,58.51246910715136,116076.60879924806,115346.26500000001,114615.92120075197,1460.6875984960934,0.5916931177740408,513.7840470096999,47.52587730371092,55.82684824373073,-52.47412269628908,5.60952870626836,115278.91666666667,100.0,-8,429.8999999999942,0.501724487549139
1757628000000,114475.0,115259.8,114418.8,115076.9,1,2025-09-11T22:00:00Z,"{'open': 114475.0, 'high': 115259.8, 'low': 114418.8, 'close': 115076.9}",True,43.193061765614615,-81.57529373622674,-110.12148769200496,28.54619395577822,115792.19135974506,115275.66,114759.12864025494,1033.0627194901172,0.30760122667275214,552.8994722232923,34.76859678782704,50.74841469970386,-65.23140321217296,-106.50283542036462,115274.32142857143,100.0,-9,23.89999999999418,0.08645169707116103
1757624400000,114384.4,114517.7,114381.4,114475.0,1,2025-09-11T21:00:00Z,"{'open': 114384.4, 'high': 114517.7, 'low': 114381.4, 'close': 114475.0}",True,35.457094616055585,-146.54701355737052,-117.40659286507808,-29.140420692292437,115773.46260100688,115208.68000000001,114643.89739899314,1129.565202013735,-0.14952425826507212,563.0852242073428,4.849238420889299,29.047904170809066,-95.1507615791107,-223.21197744930697,115237.05238095237,100.0,-10,-604.3000000000029,-0.500042155474608
1757620800000,114404.8,114482.6,114227.6,114384.9,1,2025-09-11T20:00:00Z,"{'open': 114404.8, 'high': 114482.6, 'low': 114227.6, 'close': 114384.9}",True,34.46208493564967,-202.96819559892174,-134.51891341184682,-68.44928218707491,115810.03497724904,115154.56999999999,114499.10502275094,1310.929954498104,-0.08711756288662287,541.0791367639612,7.547984644913069,15.721939951209785,-92.45201535508693,-205.90713972843162,115192.03809523811,100.0,-11,-926.5,-0.5806888998983127
1757617200000,114292.4,114515.2,114157.3,114400.4,1,2025-09-11T19:00:00Z,"{'open': 114292.4, 'high': 114515.2, 'low': 114157.3, 'close': 114400.4}",True,34.80105109658507,-243.6233302970213,-156.33979678888173,-87.28353350813958,115853.35396666327,115119.98999999999,114386.62603333671,1466.7279333265615,0.00939094862129247,527.9949127093921,11.284407928328967,7.893876998043759,-88.71559207167104,-173.18117194122397,115144.89285714286,100.0,-10,-1207.9000000000087,-0.589941023277
1757613600000,114576.1,114601.0,114081.1,114292.3,1,2025-09-11T18:00:00Z,"{'open': 114576.1, 'high': 114601.0, 'low': 114081.1, 'close': 114292.3}",True,33.4997321953806,-281.3226713818731,-181.33637170748,-99.98629967439308,115885.99784450172,115072.15,114258.30215549827,1627.695689003449,0.020887101152518416,527.4167046587208,9.468728984532486,9.433707185924822,-90.53127101546751,-152.98661950590818,115089.92857142857,100.0,-11,-1066.5999999999913,-0.8837807883695725
1757610000000,114469.0,114594.2,114312.1,114576.1,1,2025-09-11T17:00:00Z,"{'open': 114469.0, 'high': 114594.2, 'low': 114312.1, 'close': 114576.1}",True,39.85802393176975,-285.01391956652515,-202.07188127928902,-82.94203828723613,115884.68720798839,115043.7,114202.7127920116,1681.974415976787,0.22199339326547482,511.3083686116689,22.19233355749832,14.315156823453238,-77.80766644250168,-103.66562593275219,115040.67380952381,100.0,-10,-619.1999999999971,-0.8928424689230765
1757606400000,114154.8,114564.4,114153.8,114469.0,1,2025-09-11T16:00:00Z,"{'open': 114154.8, 'high': 114564.4, 'low': 114153.8, 'close': 114469.0}",True,38.36715846456955,-293.2014909981808,-220.29780322306738,-72.90368777511344,115891.6774669725,115014.28499999999,114136.89253302748,1754.7849339450186,0.18925821651881475,504.95062799654994,17.390719569602968,16.350594037211238,-82.60928043039704,-107.59257124693939,114969.65000000001,100.0,-11,-920.0,-0.7714185901564545
1757602800000,114447.0,114672.7,113969.0,114154.8,1,2025-09-11T15:00:00Z,"{'open': 114447.0, 'high': 114672.7, 'low': 113969.0, 'close': 114154.8}",True,34.3123148989675,-321.33931487200607,-240.5061055528551,-80.83320931915097,115930.52029947155,114976.84000000001,114023.15970052847,1907.3605989430798,0.06901699633749235,519.1470117110819,7.931358319815694,15.838137148972308,-92.0686416801843,-112.00987616956193,114879.64761904764,100.0,-12,-1213.8999999999942,-0.9032486568462429
1757599200000,114606.6,114655.4,113917.7,114447.5,1,2025-09-11T14:00:00Z,"{'open': 114606.6, 'high': 114655.4, 'low': 113917.7, 'close': 114447.5}",True,40.6093192910813,-316.3733442333032,-255.67955328894476,-60.693790944358454,115931.53172112291,114950.34000000001,113969.14827887711,1962.3834422458021,0.24376057748196855,534.7579394460043,22.131250261080286,15.817776050166296,-77.86874973891972,-87.97628008021181,114810.31904761905,100.0,-11,-1388.0,-0.8159356611115445
1757595600000,113948.3,114713.1,113397.6,114606.1,1,2025-09-11T13:00:00Z,"{'open': 113948.3, 'high': 114713.1, 'low': 113397.6, 'close': 114606.1}",True,43.75557944315418,-296.2253804082866,-263.78871871281314,-32.43666169547345,115919.32417492241,114928.13,113936.9358250776,1982.3883498448122,0.3375545336385737,590.5252294855754,41.472203157172274,23.844937246022734,-58.527796842827726,-90.5473767331341,114740.24523809525,100.0,-10,-874.0999999999913,-0.6610111754747963
1757592000000,113999.6,114474.7,113456.1,113948.0,1,2025-09-11T12:00:00Z,"{'open': 113999.6, 'high': 114474.7, 'low': 113456.1, 'close': 113948.0}",True,35.38011407870712,-329.5621565521287,-276.9434062806763,-52.61875027145243,115949.57313288425,114872.88,113796.18686711576,2153.386265768495,0.07049972190198962,630.4877130937485,18.88812628689067,27.497193235047728,-81.11187371310933,-112.19296500188058,114635.17142857143,100.0,-11,-1128.8999999999942,-1.629465923658982
1757588400000,114048.7,114095.4,113886.0,113999.5,1,2025-09-11T11:00:00Z,"{'open': 114048.7, 'high': 114095.4, 'low': 113886.0, 'close': 113999.5}",True,36.40598280178131,-347.8167571599479,-291.1180764565306,-56.69868070341727,115955.3956548914,114818.89000000001,113682.38434510863,2273.0113097827707,0.13951345227652112,600.4100193013375,20.655456417295614,27.00526195378617,-79.34454358270439,-96.71965227175663,114521.9642857143,100.0,-10,-475.5,-1.2822111496169881
1757584800000,113880.5,114100.6,113869.6,114052.6,1,2025-09-11T10:00:00Z,"{'open': 113880.5, 'high': 114100.6, 'low': 113869.6, 'close': 114052.6}",True,37.50758522898144,-353.9191735089844,-303.67829586702135,-50.24087764196304,115915.57329314313,114755.95,113596.32670685687,2319.246586286259,0.19673341154885784,574.023589351242,31.41336146947402,23.652314724553417,-68.58663853052599,-87.38553164170271,114390.39523809523,100.0,-9,-332.29999999998836,-0.8901004458757479
1757581200000,114037.5,114069.0,113752.2,113880.6,1,2025-09-11T09:00:00Z,"{'open': 114037.5, 'high': 114069.0, 'low': 113752.2, 'close': 113880.6}",True,35.370283792095734,-368.38779972537304,-316.6201966386917,-51.76760308668133,115819.70591706193,114669.56499999999,113519.42408293804,2300.281834123889,0.15701376748885382,555.6504758261534,25.93706368811088,26.001960524960154,-74.06293631188912,-94.69752805514686,114287.1380952381,100.0,-10,-519.7999999999884,-0.5192400087355267
1757577600000,114076.4,114186.3,113947.2,114037.5,1,2025-09-11T08:00:00Z,"{'open': 114076.4, 'high': 114186.3, 'low': 113947.2, 'close': 114037.5}",True,38.79640546649837,-363.009227106013,-325.898002732156,-37.111224373857,115739.3769630138,114603.495,113467.6130369862,2271.7639260276046,0.2508565949501225,537.7968704099993,48.64310148232567,35.33117554663684,-51.35689851767433,-70.59166834144716,114225.60238095238,100.0,-9,-254.8000000000029,-0.3037114164544395
1757574000000,114312.7,114314.5,113948.1,114076.4,1,2025-09-11T07:00:00Z,"{'open': 114312.7, 'high': 114314.5, 'low': 113948.1, 'close': 114076.4}",True,39.650596205327915,-351.55525451699214,-331.02945308912325,-20.525801427868885,115671.48400962872,114547.55,113423.61599037128,2247.8680192574393,0.2904013954717642,525.5542368092846,51.60015203344647,42.06010573462766,-48.39984796655353,-59.929105444292595,114200.95714285715,100.0,-8,-499.70000000001164,-0.2832157929517729
1757570400000,114243.3,114444.7,114050.7,114312.8,1,2025-09-11T06:00:00Z,"{'open': 114243.3, 'high': 114444.7, 'low': 114050.7, 'close': 114312.8}",True,44.701550490687076,-319.7168970239727,-328.76694187609314,9.050044852120436,115552.54096599887,114493.74000000002,113434.93903400117,2117.6019319976913,0.4145542902724297,516.1575056086214,69.57050551121225,56.60458634232811,-30.429494488787753,-33.0506514145906,114194.12619047619,100.0,-7,-156.1999999999971,0.017936466411123057
1757566800000,114130.2,114334.8,113933.3,114243.3,1,2025-09-11T05:00:00Z,"{'open': 114130.2, 'high': 114334.8, 'low': 113933.3, 'close': 114243.3}",True,43.54760124607284,-296.6729770847305,-322.34814891782065,25.675171833090133,115421.25212648943,114437.47,113453.68787351057,1967.5642529788602,0.4013145315554356,507.96768377943414,64.28734321550719,61.81933358672196,-35.71265678449281,-47.26535088423567,114180.75714285715,100.0,-8,88.5,-0.29046197243578975
1757563200000,114384.1,114387.1,114056.0,114129.9,1,2025-09-11T04:00:00Z,"{'open': 114384.1, 'high': 114387.1, 'low': 114056.0, 'close': 114129.9}",True,41.65797793015502,-284.2838890743733,-314.73529694913117,30.451407874757876,115105.02387516771,114352.18999999999,113599.35612483227,1505.667750335444,0.3523645074084438,495.3342777951893,55.66704675028418,63.17496515900118,-44.33295324971582,-35.159205135313435,114171.2,100.0,-9,-317.6000000000058,-0.29623740925491254
1757559600000,113797.2,114421.0,113796.5,114384.1,1,2025-09-11T03:00:00Z,"{'open': 113797.2, 'high': 114421.0, 'low': 113796.5, 'close': 114384.1}",True,47.18988977243162,-251.05957352125552,-302.00015226355606,50.940578742300545,114845.5335465638,114297.38499999998,113749.23645343615,1096.2970931276504,0.5790980844003102,504.5604008098186,74.9904979095401,64.98162929177714,-25.0095020904599,-20.073222242092296,114150.22857142857,100.0,-8,-222.0,0.20086759382873334
1757556000000,113883.4,113932.0,113697.1,113797.2,1,2025-09-11T02:00:00Z,"{'open': 113883.4, 'high': 113932.0, 'low': 113697.1, 'close': 113797.2}",True,38.18698946048099,-268.9862827201432,-295.39737835487347,26.41109563473026,114694.48436104473,114233.4,113772.31563895526,922.1687220894673,0.026984607532939443,517.5918007519743,30.376282782211423,53.67794248067855,-69.62371721778858,-165.45828111254528,114108.30238095239,100.0,-9,-150.8000000000029,-0.5682081303654539
1757552400000,113868.7,114159.6,113803.1,113883.4,1,2025-09-11T01:00:00Z,"{'open': 113868.7, 'high': 114159.6, 'low': 113803.1, 'close': 113883.4}",True,39.99761981328765,-273.0897012352798,-290.9358429309547,17.84614169567493,114674.90891984424,114203.81999999999,113732.73108015575,942.1778396884911,0.15991558440183906,506.50667212683396,36.92892436335905,47.43190168503684,-63.07107563664095,-93.8983860684922,114085.67380952381,100.0,-8,-116.10000000000582,-0.6305947065644949
1757548800000,113936.4,113979.6,113635.1,113868.2,1,2025-09-11T00:00:00Z,"{'open': 113936.4, 'high': 113979.6, 'low': 113635.1, 'close': 113868.2}",True,39.7763633428529,-274.4050325364951,-287.62968085206285,13.22464831556772,114662.98514958764,114177.98500000002,113692.9848504124,970.0002991752408,0.18063411911994462,494.93476697491724,35.77347016343529,34.35955910300191,-64.22652983656471,-125.79190389738697,114049.06190476191,100.0,-9,-184.40000000000873,-0.07003194439569181
1757545200000,113861.2,114005.4,113762.2,113936.4,1,2025-09-10T23:00:00Z,"{'open': 113861.2, 'high': 114005.4, 'low': 113762.2, 'close': 113936.4}",True,41.344191034939456,-266.86798403986904,-283.4773414896241,16.609357449755066,114639.39944582268,114154.785,113670.17055417733,969.2288916453545,0.2746817063724949,476.95371219099434,47.152955036323625,39.95178318770598,-52.847044963676375,-86.61165192468724,114024.94761904761,100.0,-8,55.79999999998836,-0.05535111996105757
1757541600000,113808.7,113971.1,113690.7,113861.2,1,2025-09-10T22:00:00Z,"{'open': 113808.7, 'high': 113971.1, 'low': 113690.7, 'close': 113861.2}",True,40.104419287466186,-263.920518875384,-279.56597696677613,15.645458091392129,114629.66634476132,114133.22999999998,113636.79365523864,992.8726895226864,0.2260172398026579,462.91416132020964,27.9273715415012,36.95126558042002,-72.0726284584988,-99.13034472267593,114016.4761904762,100.0,-9,-176.3000000000029,-0.16781730534859243
1757538000000,113527.3,113827.5,113494.9,113808.8,1,2025-09-10T21:00:00Z,"{'open': 113527.3, 'high': 113827.5, 'low': 113494.9, 'close': 113808.8}",True,39.22184079723434,-262.7836670356919,-276.20951498055933,13.425847944867428,114566.44293534051,114094.86500000002,113623.28706465953,943.1558706809883,0.19669382453881254,456.0131497973377,33.049062960624106,36.043129846149625,-66.95093703937589,-138.27612077479537,113996.24523809525,100.0,-10,-267.59999999999127,-0.06304849113896739
1757534400000,113541.8,113843.5,113523.0,113527.0,1,2025-09-10T20:00:00Z,"{'open': 113541.8, 'high': 113843.5, 'low': 113523.0, 'close': 113527.0}",True,34.7879560087715,-281.37805756542366,-277.2432234975322,-4.134834067891461,114547.77584098247,114047.76500000001,113547.75415901755,1000.0216819649213,-0.020753709036362006,446.33363909752785,3.3796588755533503,21.45203112589287,-96.62034112444665,-154.1418234135938,113969.35714285714,100.0,-11,-785.8000000000029,-0.4476597610435164
1757530800000,113558.9,113585.7,113112.2,113544.6,1,2025-09-10T19:00:00Z,"{'open': 113558.9, 'high': 113585.7, 'low': 113112.2, 'close': 113544.6}",True,35.280053266761215,-291.33573609936866,-280.0617260178995,-11.274010081469157,114560.05432378365,114017.255,113474.45567621636,1085.598647567298,0.06461349591843685,448.2740934477044,32.45028142589184,22.959667754023076,-67.54971857410817,-205.9843154500121,113934.6119047619,100.0,-10,-698.6999999999971,-0.4661788064840654
1757527200000,113710.1,113864.8,113320.5,113559.3,1,2025-09-10T18:00:00Z,"{'open': 113710.1, 'high': 113864.8, 'low': 113320.5, 'close': 113559.3}",True,35.71638098316397,-294.64462114905473,-282.9783050441306,-11.666316104924135,114512.90473549227,113972.845,113432.78526450774,1080.1194709845295,0.11713031649818166,455.1330867728685,33.553470919325015,23.12780374025672,-66.44652908067499,-130.09828748954214,113900.65000000001,100.0,-9,-570.5999999999913,-0.659156279961649
1757523600000,113745.9,114060.1,113381.8,113710.1,1,2025-09-10T17:00:00Z,"{'open': 113745.9, 'high': 114060.1, 'low': 113381.8, 'close': 113710.1}",True,40.172379811831014,-281.8496493657731,-282.7525739084591,0.9029245426860371,114394.13615621298,113928.045,113461.95384378702,932.1823124259536,0.2661991682369488,471.0735805748067,44.87054409005694,36.958098811757914,-55.12945590994306,-72.6530612244911,113872.3880952381,100.0,-8,-674.0,-0.46672321265229305
1757520000000,113830.7,113921.9,113547.0,113746.0,1,2025-09-10T16:00:00Z,"{'open': 113830.7, 'high': 113921.9, 'low': 113547.0, 'close': 113746.0}",True,41.2170375108996,-265.749319343362,-279.3519229954397,13.602603652077676,114390.5773750019,113917.94499999999,113445.31262499809,945.2647500038147,0.3180985803191132,464.2040391051773,48.426039119804514,42.28335137639547,-51.573960880195486,-58.98557154023574,113834.4523809524,100.0,-7,-51.19999999999709,-0.33637109994838704
1757516400000,113884.1,114084.7,113709.9,113830.7,1,2025-09-10T15:00:00Z,"{'open': 113884.1, 'high': 114084.7, 'low': 113709.9, 'close': 113830.7}",True,43.71418880778026,-243.349923236412,-272.15152304363414,28.801599807222146,114382.03914892462,113909.50499999998,113436.97085107533,945.0682978492987,0.4166144921173255,457.81803631195055,54.89761613691919,49.39806644892687,-45.10238386308081,-7.434187671584353,113813.35476190476,100.0,-6,-52.69999999999709,-0.4838085013564024
1757512800000,113926.0,114266.9,113775.6,113884.0,1,2025-09-10T14:00:00Z,"{'open': 113926.0, 'high': 114266.9, 'low': 113775.6, 'close': 113884.0}",True,45.28923979779053,-218.7754684718675,-261.4763121292808,42.700843657413316,114369.09116157985,113901.075,113433.05883842014,936.032323159714,0.48175810858501344,460.20960514681036,58.97004889975559,54.09790138549308,-41.02995110024441,30.46725725204601,113797.96190476189,100.0,-5,15.80000000000291,0.07627604194128056
1757509200000,113386.5,114292.3,113354.7,113922.8,1,2025-09-10T13:00:00Z,"{'open': 113386.5, 'high': 114292.3, 'low': 113354.7, 'close': 113922.8}",True,46.46368660084413,-193.93365384470962,-247.9677804723666,54.034126627656974,114371.19340708255,113903.18500000001,113435.17659291747,936.0168141650793,0.520955820133944,494.30891906489575,68.68909414456418,60.85225306041297,-31.310905855435827,-12.878174733695326,113773.39523809524,100.0,-4,-13.599999999991269,0.03459678934770891
1757505600000,112280.7,113548.4,112280.7,113386.6,1,2025-09-10T12:00:00Z,"{'open': 112280.7, 'high': 113548.4, 'low': 112280.7, 'close': 113386.6}",True,35.21369954931647,-215.03441271124757,-241.3811069201428,26.34669420889523,114384.99305928899,113870.64000000001,113356.28694071104,1028.7061185779457,0.029467171178945293,576.2939962745464,54.97613839729596,60.87842714720523,-45.02386160270404,-246.92198990781569,113720.7619047619,100.0,-5,-474.59999999999127,-0.42294512427525094
1757502000000,112245.9,112382.6,112118.3,112280.7,1,2025-09-10T11:00:00Z,"{'open': 112245.9, 'high': 112382.6, 'low': 112118.3, 'close': 112280.7}",True,22.898911756692783,-317.33575469828793,-256.5720364757718,-60.763718222516104,114634.92062388374,113780.85500000001,112926.78937611628,1708.131247767451,-0.378243403111286,625.7229965406505,7.470101195951894,43.71177791260399,-92.5298988040481,-345.73885140312,113600.17857142857,100.0,-6,-1528.1000000000058,-1.4531791420476663
1757498400000,112249.4,112409.3,112173.6,112245.9,1,2025-09-10T10:00:00Z,"{'open': 112249.4, 'high': 112409.3, 'low': 112173.6, 'close': 112245.9}",True,22.630710055746505,-396.64608526136726,-284.58684623289093,-112.05923902847633,114726.95347518094,113677.50999999998,112628.06652481902,2098.8869503619208,-0.1820805664417166,597.864211073461,5.869365225390583,22.771868272879463,-94.13063477460942,-249.9420017449499,113489.36666666667,100.0,-7,-1281.1000000000058,-1.4186571018046559
1757494800000,112331.6,112400.5,112062.1,112249.4,1,2025-09-10T09:00:00Z,"{'open': 112331.6, 'high': 112400.5, 'low': 112062.1, 'close': 112249.4}",True,22.72873535757182,-453.9844230499875,-318.46636159631026,-135.51806145367726,114763.3322732187,113577.81500000002,112392.29772678134,2371.034546437353,-0.060268091410165266,579.331053139642,8.398349923773141,7.245938781705192,-91.60165007622686,-194.68852851119973,113370.50952380952,100.0,-6,-1295.2000000000116,-1.3701928146153977
1757491200000,112484.5,112813.1,112289.7,112331.6,1,2025-09-10T08:00:00Z,"{'open': 112484.5, 'high': 112813.1, 'low': 112289.7, 'close': 112331.6}",True,25.12799632756885,-487.17674555616395,-352.208438388281,-134.96830716788293,114761.77722014322,113487.9,112214.02277985676,2547.7544402864587,0.04614935344005175,578.2145493439541,12.084118016321423,8.783944388495035,-87.91588198367857,-130.17730330835445,113273.16190476192,100.0,-5,-1227.699999999997,-1.052965373875813
1757487600000,111753.6,112537.9,111727.4,112484.5,1,2025-09-10T07:00:00Z,"{'open': 111753.6, 'high': 112537.9, 'low': 111727.4, 'close': 112484.5}",True,29.5122290325794,-495.43310369568644,-380.8533714497621,-114.57973224592433,114668.61815959726,113392.92,112117.22184040274,2551.396319194522,0.14395182623498212,594.8063672479574,29.51771998908352,16.666729309726012,-70.48228001091648,-132.2553977949696,113168.84285714287,100.0,-4,-1225.6000000000058,-0.9336419345349808
1757484000000,111541.1,111942.0,111359.5,111753.6,1,2025-09-10T06:00:00Z,"{'open': 111541.1, 'high': 111942.0, 'low': 111359.5, 'close': 111753.6}",True,22.676494110174318,-554.5612121674349,-415.5949395932967,-138.96627257413815,114736.57136416381,113290.73999999999,111844.90863583617,2891.6627283276466,-0.03157651649401334,632.6773410159603,13.437670485543011,18.346502830315973,-86.56232951445699,-159.76827691074345,113029.83333333333,100.0,-5,-1992.3999999999942,-1.5900943383765107
1757480400000,111485.4,111673.2,111330.2,111541.0,1,2025-09-10T05:00:00Z,"{'open': 111485.4, 'high': 111673.2, 'low': 111330.2, 'close': 111541.0}",True,21.142480802418035,-611.5264115436876,-454.7812339833749,-156.7451775603127,114779.11954668314,113173.62,111568.12045331685,3210.999093366292,-0.008446110549479238,617.728959514821,7.116572701799483,16.69065439214199,-92.88342729820052,-147.33601919333606,112894.16428571429,100.0,-6,-2289.699999999997,-1.9075702158383518
1757476800000,111496.8,111620.2,111355.7,111485.4,1,2025-09-10T04:00:00Z,"{'open': 111496.8, 'high': 111620.2, 'low': 111355.7, 'close': 111485.4}",True,20.747197140600235,-653.6236314362759,-494.5497134739551,-159.07391796232082,114784.90784143105,113054.47999999998,111324.05215856891,3460.8556828621367,0.04662079445556253,592.4983195494767,5.239526011950872,8.597923066431107,-94.76047398804913,-127.97676004031541,112744.5619047619,100.0,-7,-2398.600000000006,-1.98741054630493
1757473200000,111381.7,111543.0,111329.9,111490.1,1,2025-09-10T03:00:00Z,"{'open': 111381.7, 'high': 111543.0, 'low': 111329.9, 'close': 111490.1}",True,20.881856565877285,-678.7821526462794,-531.39620130842,-147.3859513378594,114740.04692565215,112932.165,111124.28307434784,3615.7638513043057,0.10117279244334633,565.3984395816574,5.407777477721144,5.921292063823819,-94.59222252227886,-113.84890962487832,112582.91904761906,100.0,-6,-2432.699999999997,-2.0562115492569153
1757469600000,110967.6,111518.2,110967.6,111381.7,1,2025-09-10T02:00:00Z,"{'open': 110967.6, 'high': 111518.2, 'low': 110967.6, 'close': 111381.7}",True,20.036275539884244,-699.4051290627103,-564.9979868592782,-134.40714220343216,114683.05665968538,112808.19000000002,110933.32334031466,3749.7333193707163,0.11957561284933867,564.3414081829669,12.45525912112346,7.700854203598477,-87.54474087887654,-112.3294298170185,112407.98095238094,100.0,-7,-2004.9000000000087,-2.1972357837799894
1757466000000,110963.5,111182.6,110877.9,110967.7,1,2025-09-10T01:00:00Z,"{'open': 110963.5, 'high': 111182.6, 'low': 110877.9, 'close': 110967.7}",True,17.175683691513385,-740.6179438725812,-600.1219782619388,-140.49596561064243,114643.9224286939,112666.13499999998,110688.34757130606,3955.5748573878373,0.07062246039211931,560.0170218841838,2.6300374882849895,6.83102469570985,-97.36996251171502,-119.47164387750698,112203.28809523811,100.0,-8,-1313.0,-2.593949586913248
1757462400000,111497.1,111532.7,110877.5,110963.5,1,2025-09-10T00:00:00Z,"{'open': 111497.1, 'high': 111532.7, 'low': 110877.5, 'close': 110963.5}",True,17.148934560554295,-764.8021384515741,-633.0580102998659,-131.7441281517082,114606.1725784357,112537.95999999999,110469.74742156429,4136.42515687141,0.1193669798704066,566.8158060353134,2.5184491039006653,5.86791523776969,-97.48155089609934,-101.72248915853218,111999.65000000001,100.0,-9,-1282.3999999999942,-2.137025010010006
1757458800000,111524.2,111546.1,111308.5,111497.1,1,2025-09-09T23:00:00Z,"{'open': 111524.2, 'high': 111546.1, 'low': 111308.5, 'close': 111497.1}",True,31.702009982835563,-732.4677935952204,-652.9399669589369,-79.52782663628352,114497.03929178035,112435.58499999999,110374.13070821963,4122.908583560726,0.27237307571116,567.9432484613628,23.198172900520692,9.448886497568768,-76.80182709947931,-71.87457687140095,111827.79047619048,100.0,-8,-752.2999999999884,-0.6978937609045822
1757455200000,111251.6,111597.7,111205.8,111524.3,1,2025-09-09T22:00:00Z,"{'open': 111251.6, 'high': 111597.7, 'low': 111205.8, 'close': 111524.3}",True,32.35429094372607,-696.6176055328688,-661.6754946737233,-34.94211085914549,114364.03758523618,112333.835,110303.63241476384,4060.405170472339,0.30062703941788355,555.3687307141222,33.41599504029763,19.710872348239647,-66.58400495970237,-67.65329757405937,111711.41190476192,100.0,-7,-807.3000000000029,-0.642874260886136
1757451600000,111478.2,111679.3,111211.9,111251.6,1,2025-09-09T21:00:00Z,"{'open': 111478.2, 'high': 111679.3, 'low': 111211.9, 'close': 111251.6}",True,29.32989778953413,-682.3450353355147,-665.8094028060816,-16.535632529433087,114189.97689214881,112210.90999999999,110231.84310785116,3958.13378429765,0.2576357818410103,549.0852499488284,19.327340359578667,25.313836100132317,-80.67265964042133,-66.90700192748746,111648.58333333334,100.0,-8,-1232.8999999999942,-0.8889134373992096
1757448000000,111259.4,111487.0,111032.5,111478.8,1,2025-09-09T20:00:00Z,"{'open': 111259.4, 'high': 111487.0, 'low': 111032.5, 'close': 111478.8}",True,34.79844755479999,-645.2625938950077,-661.7000410238668,16.43744712885905,113968.69952742949,112097.55,110226.40047257052,3742.2990548589732,0.3346604611417627,542.3291606667692,31.065302748501814,27.936212716126022,-68.93469725149819,-64.66492752495823,111581.19047619049,100.0,-7,-274.8000000000029,-0.7591808538292011
1757444400000,111093.6,111355.8,111080.6,111261.1,1,2025-09-09T19:00:00Z,"{'open': 111093.6, 'high': 111355.8, 'low': 111080.6, 'close': 111261.1}",True,32.225280727375335,-626.2223609271605,-654.6045050045255,28.38214407736507,113693.69751004373,111969.07000000002,110244.44248995632,3449.2550200874102,0.2947469827899027,532.0342206191426,19.818144244678894,23.40359578425311,-80.18185575532111,-68.58242632538135,111509.41666666667,100.0,-8,-279.8999999999942,-1.0876165160533178
1757440800000,110984.8,111260.0,110869.8,111093.2,1,2025-09-09T18:00:00Z,"{'open': 110984.8, 'high': 111260.0, 'low': 110869.8, 'close': 111093.2}",True,30.360636839213285,-617.5620945172705,-647.1960229070745,29.633928389804055,113351.53284901164,111829.53,110307.52715098836,3044.0056980232766,0.2581049206057133,521.981776289204,13.392482465079752,21.425309819420136,-86.60751753492025,-82.0005011032248,111409.14523809523,100.0,-9,-392.1999999999971,-0.5909429315923681
1757437200000,110922.7,111151.3,110839.0,110984.9,1,2025-09-09T17:00:00Z,"{'open': 110922.7, 'high': 111151.3, 'low': 110839.0, 'close': 110984.9}",True,29.187474390532103,-612.378557079137,-640.232529741487,27.85397266235009,112905.95189152872,111682.63499999998,110459.31810847124,2446.6337830574776,0.2148183741957288,507.0045065542611,13.227561196735646,15.479395968831417,-86.77243880326435,-93.80735307729401,111319.2738095238,100.0,-10,-505.20000000001164,-0.49856106723088894
1757433600000,110830.9,111102.4,110735.7,110922.7,1,2025-09-09T16:00:00Z,"{'open': 110830.9, 'high': 111102.4, 'low': 110735.7, 'close': 110922.7}",True,28.506182914463082,-606.3005313702888,-633.4461300672474,27.145598696958587,112544.62885580353,111559.43999999999,110574.25114419645,1970.377711607085,0.17684368522385943,496.9827560860994,19.817719372615393,15.479254344810249,-80.18228062738461,-106.19406058926258,111264.64761904762,100.0,-11,-459.0,-0.504729767305851
1757430000000,111736.1,111805.4,110722.2,110830.9,1,2025-09-09T15:00:00Z,"{'open': 111736.1, 'high': 111805.4, 'low': 110722.2, 'close': 110830.9}",True,27.48643724613524,-601.9522145742376,-627.1473469686455,25.195132394407892,112462.49538079962,111486.95,110511.40461920037,1951.0907615992473,0.1637521877955798,538.8554163656635,10.035081240767854,14.36012060337295,-89.96491875923215,-69.78588772725361,111236.4119047619,100.0,-12,-136.8000000000029,-0.5912632601459785
1757426400000,112731.3,112921.4,111475.1,111736.3,1,2025-09-09T14:00:00Z,"{'open': 112731.3, 'high': 112921.4, 'low': 111475.1, 'close': 111736.3}",True,47.45233079573355,-519.45991834288,-605.6098612434924,86.14994290061247,112381.4297449886,111461.47000000002,110541.51025501142,1839.9194899771828,0.649370666215072,649.6871723395446,46.11222262640993,25.32167441326438,-53.88777737359007,112.59584773463945,111276.20952380952,100.0,-11,772.8000000000029,0.3183646864790229
