timestamp,open,high,low,close,volume,currency_volume,turnover,trades,time_iso,ohlc,is_closed,funding_rate,RSI,MACD,MACD_Signal,MACD_Histogram,BB_Upper,BB_Middle,BB_Lower,BB_Width,BB_Position,ATR,Stoch_K,Stoch_D,Williams_R,CCI,VWAP,Volume_RSI,OBV,Momentum,ROC,RSI_Oversold,RSI_Overbought,MACD_Bullish,MACD_Bearish,BB_Squeeze,BB_Breakout_Upper,BB_Breakout_Lower
1757647800000,115205.0,115343.2,115038.4,115185.7,165884,144.0431,16588400,1,2025-09-12T03:30:00Z,"{'open': 115205.0, 'high': 115343.2, 'low': 115038.4, 'close': 115185.7}",True,9.08335611661e-05,,,,,,,,,,0.0,,,,,,,165884,,,False,False,False,False,False,False,False
1757649600000,115185.7,115378.4,115068.9,115296.2,153815,133.4411,15381500,1,2025-09-12T04:00:00Z,"{'open': 115185.7, 'high': 115378.4, 'low': 115068.9, 'close': 115296.2}",True,9.08335611661e-05,,,,,,,,,,0.0,,,,,,,319699,,,False,False,False,False,False,False,False
1757651400000,115300.0,115506.5,115300.0,115359.0,116318,100.7949,11631800,1,2025-09-12T04:30:00Z,"{'open': 115300.0, 'high': 115506.5, 'low': 115300.0, 'close': 115359.0}",True,9.08335611661e-05,,,,,,,,,,0.0,,,,,,,436017,,,False,False,False,False,False,False,False
1757653200000,115358.9,115565.0,115313.8,115494.8,121079,104.8436,12107900,1,2025-09-12T05:00:00Z,"{'open': 115358.9, 'high': 115565.0, 'low': 115313.8, 'close': 115494.8}",True,9.08335611661e-05,,,,,,,,,,0.0,,,,,,,557096,,,False,False,False,False,False,False,False
1757655000000,115494.7,115650.6,115330.0,115608.2,212619,184.0213,21261900,1,2025-09-12T05:30:00Z,"{'open': 115494.7, 'high': 115650.6, 'low': 115330.0, 'close': 115608.2}",True,9.08335611661e-05,,,,,,,,,,0.0,,,,,,,769715,,,False,False,False,False,False,False,False
1757656800000,115608.1,115609.7,115343.1,115343.2,220952,191.2513,22095200,1,2025-09-12T06:00:00Z,"{'open': 115608.1, 'high': 115609.7, 'low': 115343.1, 'close': 115343.2}",True,9.08335611661e-05,,,,,,,,,,0.0,,,,,,,548763,,,False,False,False,False,False,False,False
1757658600000,115343.2,115377.4,115255.0,115312.3,136415,118.2938,13641500,1,2025-09-12T06:30:00Z,"{'open': 115343.2, 'high': 115377.4, 'low': 115255.0, 'close': 115312.3}",True,9.08335611661e-05,,,,,,,,,,0.0,,,,,,,412348,,,False,False,False,False,False,False,False
1757660400000,115312.3,115395.8,115191.8,115200.2,119847,103.9513,11984700,1,2025-09-12T07:00:00Z,"{'open': 115312.3, 'high': 115395.8, 'low': 115191.8, 'close': 115200.2}",True,9.08335611661e-05,,,,,,,,,,0.0,,,,,,,292501,,,False,False,False,False,False,False,False
1757662200000,115200.2,115240.9,115071.3,115075.0,192658,167.3233,19265800,1,2025-09-12T07:30:00Z,"{'open': 115200.2, 'high': 115240.9, 'low': 115071.3, 'close': 115075.0}",True,9.08335611661e-05,,,,,,,,,,0.0,,,,,,,99843,,,False,False,False,False,False,False,False
1757664000000,115075.0,115277.0,114950.0,115178.4,266862,231.9436,26686200,1,2025-09-12T08:00:00Z,"{'open': 115075.0, 'high': 115277.0, 'low': 114950.0, 'close': 115178.4}",True,9.08335611661e-05,,,,,,,,,,0.0,,,,,,,366705,,,False,False,False,False,False,False,False
1757665800000,115178.4,115203.4,115013.5,115052.8,86517,75.1792,8651700,1,2025-09-12T08:30:00Z,"{'open': 115178.4, 'high': 115203.4, 'low': 115013.5, 'close': 115052.8}",True,9.08335611661e-05,,,,,,,,,,0.0,,,,,,,280188,-132.89999999999418,,False,False,False,False,False,False,False
1757667600000,115053.0,115132.2,114901.6,114942.5,93090,80.9266,9309000,1,2025-09-12T09:00:00Z,"{'open': 115053.0, 'high': 115132.2, 'low': 114901.6, 'close': 114942.5}",True,9.08335611661e-05,,,,,,,,,,0.0,,,,,,,187098,-353.6999999999971,,False,False,False,False,False,False,False
1757669400000,114943.9,115065.7,114877.1,115049.9,148768,129.4142,14876800,1,2025-09-12T09:30:00Z,"{'open': 114943.9, 'high': 115065.7, 'low': 114877.1, 'close': 115049.9}",True,9.08335611661e-05,,,,,,,,,,0.0,,,,,,,335866,-309.1000000000058,-0.11789657917606344,False,False,False,False,False,False,False
1757671200000,115049.8,115082.0,114923.2,115003.9,78269,68.0652,7826900,1,2025-09-12T10:00:00Z,"{'open': 115049.8, 'high': 115082.0, 'low': 114923.2, 'close': 115003.9}",True,9.08335611661e-05,39.75524151637307,,,,,,,,,232.42142857142608,16.39301874595842,,-83.60698125404159,,115246.29558680096,42.14782812478298,257597,-490.90000000000873,-0.253520931305631,False,False,False,False,False,False,False
1757673000000,115003.9,115051.0,114953.4,114980.0,86505,75.2231,8650500,1,2025-09-12T10:30:00Z,"{'open': 115003.9, 'high': 115051.0, 'low': 114953.4, 'close': 114980.0}",True,9.08335611661e-05,38.6930219389686,,,,,,,,,222.79132653061035,13.303167420813727,,-86.69683257918628,,115240.26337528286,43.12908906396258,171092,-628.1999999999971,-0.32853960245841246,False,False,False,False,False,False,False
1757674800000,114976.4,115146.9,114892.3,115114.0,82910,72.1067,8291000,1,2025-09-12T11:00:00Z,"{'open': 114976.4, 'high': 115146.9, 'low': 114892.3, 'close': 115114.0}",True,9.08335611661e-05,47.20962207681286,,,,,,,,,225.06337463556613,30.627020038783993,20.107735401852047,-69.372979961216,,115231.67839721883,42.78793276962298,254002,-229.1999999999971,-0.3297118138652155,False,False,False,False,False,False,False
1757676600000,115114.0,115128.1,114903.4,114903.5,46575,40.5072,4657500,1,2025-09-12T11:30:00Z,"{'open': 115114.0, 'high': 115128.1, 'low': 114903.4, 'close': 114903.5}",True,9.08335611661e-05,38.226071775819534,,,,,,,,,225.0374193044551,3.413057530703837,15.781081663433852,-96.58694246929616,,115215.80957830667,39.396007555772364,207427,-408.8000000000029,-0.6095588375219033,False,False,False,False,False,False,False
1757678400000,114903.5,115154.7,114728.2,115108.5,181229,157.7429,18122900,1,2025-09-12T12:00:00Z,"{'open': 114903.5, 'high': 115154.7, 'low': 114728.2, 'close': 115108.5}",True,9.08335611661e-05,48.50344446218804,,,,,,,,,239.42760363985118,41.22940156114476,25.08982637687753,-58.77059843885524,,115180.51470697559,53.961493231002066,388656,-91.69999999999709,-0.20347970231448156,False,False,False,False,False,False,False
1757680200000,115108.5,115163.7,114889.7,115056.9,72427,62.9656,7242700,1,2025-09-12T12:30:00Z,"{'open': 115108.5, 'high': 115163.7, 'low': 114889.7, 'close': 115056.9}",True,9.08335611661e-05,46.41042643363427,,,,,,,,,241.89706052271896,37.28871242200761,27.310390504618738,-62.71128757799239,,115133.83391001257,44.62819114565683,316229,-18.10000000000582,-0.22148547899921234,False,False,False,False,False,False,False
1757682000000,115056.8,115056.9,114861.4,114924.3,171850,149.5368,17185000,1,2025-09-12T13:00:00Z,"{'open': 115056.8, 'high': 115056.9, 'low': 114861.4, 'close': 114924.3}",True,9.08335611661e-05,41.45933215728401,,,,115534.20478318294,115159.465,114784.72521681705,749.4795663658879,0.18622893731409806,238.58298477109616,29.3738765727987,35.963996851983694,-70.6261234272013,-90.69795737250307,115078.33477341967,52.68217580557233,144379,-254.09999999999127,-0.2394961119859116,False,False,False,False,False,False,False
1757683800000,114929.3,115188.8,114778.9,115146.0,201666,175.425,20166600,1,2025-09-12T13:30:00Z,"{'open': 114929.3, 'high': 115188.8, 'low': 114778.9, 'close': 115146.0}",True,9.08335611661e-05,50.89218575421005,,,,115532.06343583237,115157.47999999998,114782.89656416759,749.1668716647837,0.48467631120090676,250.8199144303042,62.582384661473824,43.081657885426715,-37.417615338526176,-47.949049241087536,115056.2344229332,54.80521312997483,346045,93.19999999999709,0.06169889202693895,False,False,False,False,False,False,False
1757685600000,115140.1,115474.1,115039.0,115203.9,206187,178.8787,20618700,1,2025-09-12T14:00:00Z,"{'open': 115140.1, 'high': 115474.1, 'low': 115039.0, 'close': 115203.9}",True,9.08335611661e-05,53.02122967258643,,,,115522.74318683996,115152.86500000002,114782.98681316008,739.7563736798766,0.5689889290795882,263.9827776852829,63.77530500066919,51.9105220783139,-36.22469499933081,37.494742834316334,115062.99584440303,55.133929030943236,552232,261.3999999999942,0.022139567835635848,False,False,False,False,False,False,False
1757687400000,115204.0,115282.6,114856.0,115242.3,154699,134.459,15469900,1,2025-09-12T14:30:00Z,"{'open': 115204.0, 'high': 115282.6, 'low': 114856.0, 'close': 115242.3}",True,9.08335611661e-05,54.432236368512946,,,,115507.27308515224,115147.03,114786.78691484776,720.4861703044735,0.6322301578110008,275.59829356490593,68.92344818340257,65.09371261518186,-31.076551816597426,-5.057573436479347,115061.48704612491,50.61851127051002,706931,192.40000000000873,0.16470698670523445,False,False,False,False,False,False,False
1757689200000,115249.5,115274.0,114927.1,114981.7,93024,80.8304,9302400,1,2025-09-12T15:00:00Z,"{'open': 115249.5, 'high': 115274.0, 'low': 114927.1, 'close': 114981.7}",True,9.08335611661e-05,44.63449584207685,,,,115450.64748822215,115121.375,114792.10251177785,658.5449764443038,0.287903628459588,280.69127259598366,33.985788979755604,55.56151405460912,-66.0142110202444,-30.913175008611912,115049.92120764258,45.78170416554283,613907,-22.19999999999709,0.034104008525999596,False,False,False,False,False,False,False
1757691000000,114981.7,115224.5,114912.6,115092.4,60928,52.9343,6092800,1,2025-09-12T15:30:00Z,"{'open': 114981.7, 'high': 115224.5, 'low': 114912.6, 'close': 115092.4}",True,9.08335611661e-05,48.846627349152996,,,,115337.51075121308,115095.585,114853.65924878693,483.85150242614327,0.49341740185978156,282.92046741055583,48.82692049872541,50.57871922062785,-51.17307950127459,-12.779315701141726,115048.82507337049,43.45462151720476,674835,112.39999999999418,0.03694049277748177,False,False,False,False,False,False,False
1757692800000,115092.3,115365.6,115000.9,115360.4,188120,163.2978,18812000,1,2025-09-12T16:00:00Z,"{'open': 115092.3, 'high': 115365.6, 'low': 115000.9, 'close': 115360.4}",True,9.08335611661e-05,57.31353316980308,-4.950338401162298,,,115341.980883121,115096.44499999999,114850.90911687899,491.07176624200656,1.037507994035074,288.76186259551696,84.75666979487728,55.8564597577861,-15.243330205122712,122.20158958034119,115072.32950094099,53.53428524403799,862955,246.39999999999418,0.309989487313039,False,False,False,False,False,True,False
1757694600000,115360.5,115496.3,115237.6,115466.9,119311,103.425,11931100,1,2025-09-12T16:30:00Z,"{'open': 115360.5, 'high': 115496.3, 'low': 115237.6, 'close': 115466.9}",True,9.08335611661e-05,60.13722611861808,21.92968054578523,,,115383.77750982423,115104.175,114824.57249017578,559.2050196484488,1.1486440343973001,286.614586695837,96.17237338888054,76.58532122749442,-3.8276266111194515,228.41660977504546,115101.14685972358,48.497657812121034,982266,563.3999999999942,0.42346495042615606,False,False,False,False,False,True,False
1757696400000,115466.9,115933.2,115374.0,115838.1,190140,164.3545,19014000,1,2025-09-12T17:00:00Z,"{'open': 115466.9, 'high': 115933.2, 'low': 115374.0, 'close': 115838.1}",True,9.08335611661e-05,68.06625728290749,72.35100957207032,,,115560.3263145081,115136.06999999999,114711.81368549188,848.5126290162152,1.3273654109473454,306.0849733604199,92.10788381742812,91.0123090003953,-7.89211618257189,334.7825966167684,115168.19700099503,53.36173797038071,1172406,729.6000000000058,0.629028615111981,False,False,False,False,False,True,False
1757698200000,115838.1,115926.7,115682.7,115815.2,225093,194.3411,22509300,1,2025-09-12T17:30:00Z,"{'open': 115838.1, 'high': 115926.7, 'low': 115682.7, 'close': 115815.2}",True,9.08335611661e-05,67.17849825394067,109.20360627846094,,,115688.84357219173,115173.07999999999,114657.31642780824,1031.5271443834936,1.1224945252252976,301.6503324061042,90.20746887966806,92.8292420286589,-9.792531120331951,263.7882804765493,115247.9598998542,55.5907148115552,947313,758.3000000000029,0.7934484154094498,False,False,False,False,False,True,False
1757700000000,115815.2,116219.0,115762.2,116196.5,172651,148.7937,17265100,1,2025-09-12T18:00:00Z,"{'open': 115815.2, 'high': 116219.0, 'low': 115762.2, 'close': 116196.5}",True,9.08335611661e-05,73.39960111872844,167.24933183156827,,,115905.9812060745,115223.98500000002,114541.98879392553,1363.9924121489748,1.2129915029862843,312.73245151995405,98.49074322511403,93.60203197407007,-1.5092567748859642,250.32078457768012,115323.00744893387,51.60561137593235,1119964,1272.199999999997,0.9451951854120243,False,True,False,False,False,True,False
1757701800000,116196.5,116500.0,116196.5,116488.7,304005,261.1633,30400500,1,2025-09-12T18:30:00Z,"{'open': 116196.5, 'high': 116500.0, 'low': 116196.5, 'close': 116488.7}",True,9.08335611661e-05,76.99773720297728,234.1301785545802,,,116166.72241049565,115295.78,114424.83758950434,1741.8848209913122,1.1848443626261715,312.0729906971002,99.36223050005627,96.02014753494613,-0.6377694999437235,245.48949759365922,115469.06313498452,59.44724342584437,1423969,1342.699999999997,1.2444277570489062,False,True,False,False,False,True,False
1757703600000,116488.7,116555.1,116249.7,116527.8,208743,179.2551,20874300,1,2025-09-12T19:00:00Z,"{'open': 116488.7, 'high': 116555.1, 'low': 116249.7, 'close': 116527.8}",True,9.08335611661e-05,77.43753913289154,286.980640476555,,,116381.03815400254,115375.04500000001,114369.05184599748,2011.9863080050563,1.0729437598126503,311.59634850445076,98.46301092219329,98.77199488245454,-1.536989077806707,193.40992002945129,115591.09749462889,52.76914813388186,1632712,1323.9000000000087,1.3952662752785963,False,True,False,False,False,True,False
1757705400000,116527.9,116729.0,116423.8,116674.0,366658,314.5586,36665800,1,2025-09-12T19:30:00Z,"{'open': 116527.9, 'high': 116729.0, 'low': 116423.8, 'close': 116674.0}",True,9.08335611661e-05,79.05047137713812,336.77994095129543,,,116597.2838215846,115456.25,114315.2161784154,2282.0676431691973,1.0336169607614534,311.1394664684184,97.17963181375315,98.33495774533424,-2.8203681862468506,174.96855658281382,115746.3113627417,60.65878526355125,1999370,1431.699999999997,1.3270109252601046,False,True,False,False,False,True,False
1757707200000,116674.0,116674.0,116002.6,116065.6,193904,166.7732,19390400,1,2025-09-12T20:00:00Z,"{'open': 116674.0, 'high': 116674.0, 'low': 116002.6, 'close': 116065.6}",True,9.08335611661e-05,59.869794083803804,323.42520552893984,204.0186618403679,119.40654368857193,116659.99719764965,115509.33499999999,114358.67280235034,2301.324395299307,0.7417151624239688,336.87236172067384,65.98123173170647,87.2079581558843,-34.018768268293535,103.9412240176883,115833.61930789916,50.68423051415195,1805466,1083.9000000000087,0.7479781500452777,False,False,False,False,False,False,False
1757709000000,116065.6,116388.5,116065.6,116182.1,146938,126.4375,14693800,1,2025-09-12T20:30:00Z,"{'open': 116065.6, 'high': 116388.5, 'low': 116065.6, 'close': 116182.1}",True,9.08335611661e-05,61.782059446065446,318.56978369627905,226.92888621155015,91.6408974847289,116728.77450289375,115569.43999999999,114410.10549710623,2318.669005787524,0.7642291756480918,335.8743358834824,70.80085424452781,77.98723926332913,-29.199145755472195,86.62966257517088,115915.76565286689,48.356182348681955,1952404,1089.7000000000116,0.8154991700096257,False,False,False,False,False,False,False
1757710800000,116182.1,116182.1,115933.7,115998.6,141809,122.2293,14180900,1,2025-09-12T21:00:00Z,"{'open': 116182.1, 'high': 116182.1, 'low': 115933.7, 'close': 115998.6}",True,9.08335611661e-05,57.16169045262473,296.4970767482155,240.84252431888325,55.65455242933223,116767.61187912559,115613.67,114459.72812087441,2307.883758251177,0.6667891628526786,329.62616903466284,61.0037373198081,65.92860776534746,-38.9962626801919,57.434856103279024,115976.90817499819,48.09636677286105,1810595,638.2000000000116,0.8844016047771156,False,False,False,False,False,False,False
1757712600000,115998.6,115998.6,115749.5,115893.2,79993,69.0326,7999300,1,2025-09-12T21:30:00Z,"{'open': 115998.6, 'high': 115998.6, 'low': 115749.5, 'close': 115893.2}",True,9.08335611661e-05,54.63431920153038,267.4167841051676,246.15737627614016,21.259407829027452,116775.15586236471,115663.155,114551.15413763528,2224.001724729431,0.6034374197834694,323.87429981790166,53.98590618806399,61.93016591746663,-46.01409381193601,32.766251008772514,116026.5878381595,44.96090773807251,1730602,426.3000000000029,0.695788774932144,False,False,False,False,False,False,False
1757714400000,115893.3,116394.5,115893.2,116164.3,124409,107.1185,12440900,1,2025-09-12T22:00:00Z,"{'open': 115893.3, 'high': 116394.5, 'low': 115893.2, 'close': 116164.3}",True,9.08335611661e-05,59.58413914386391,263.21180515000015,249.56826205091215,13.643543099087992,116817.80688331381,115715.94499999999,114614.08311668618,2203.723766627634,0.7034533578072399,336.54756411662316,68.91103281215598,61.30022544000936,-31.088967187844027,61.79053520506894,116068.31514785867,47.603987827957674,1855011,326.1999999999971,0.6968595809307256,False,False,False,False,False,False,False
1757716200000,116164.2,116200.0,115941.2,116051.0,42826,36.9064,4282600,1,2025-09-12T22:30:00Z,"{'open': 116164.2, 'high': 116200.0, 'low': 115941.2, 'close': 116051.0}",True,9.08335611661e-05,56.79507978095273,247.8795645993814,249.23052256060603,-1.3509579612246227,116833.26489779781,115765.65,114698.03510220218,2135.229795595631,0.633639011870573,330.99416667972173,60.766159365777575,61.221032788665845,-39.233840634222425,45.3867042569142,116092.36983438474,43.474305686976784,1812185,235.8000000000029,0.5058592549033583,False,False,False,True,False,False,False
1757718000000,116059.9,116164.0,115960.8,116131.6,57417,49.4857,5741700,1,2025-09-12T23:00:00Z,"{'open': 116059.9, 'high': 116164.0, 'low': 115960.8, 'close': 116131.6}",True,9.08335611661e-05,58.290794679186355,239.47191670817847,247.27880139012052,-7.806884681942051,116831.21933400372,115826.01500000001,114820.81066599631,2010.4086680074106,0.6520014337696167,321.8660119168843,59.94367708193667,63.20695641995673,-40.05632291806333,43.489476242107024,116159.56684338034,44.40325648863933,1869602,-64.89999999999418,0.25337086847936907,False,False,False,False,False,False,False
1757719800000,116121.1,116198.4,116045.0,116073.1,57776,49.7554,5777600,1,2025-09-12T23:30:00Z,"{'open': 116121.1, 'high': 116198.4, 'low': 116045.0, 'close': 116073.1}",True,9.08335611661e-05,56.7550272382349,225.4890368309134,242.9208484782791,-17.43181164736572,116832.35267088519,115872.37000000002,114912.38732911486,1919.965341770323,0.60454876222656,309.8327253513921,51.59409594095984,57.43464412955802,-48.40590405904016,41.71473040026007,116197.39357528507,44.42745569725548,1811826,-415.59999999999127,0.2226823422141556,False,False,False,False,False,False,False
1757721600000,116073.2,116159.9,115998.1,116088.2,61049,52.5967,6104900,1,2025-09-13T00:00:00Z,"{'open': 116073.2, 'high': 116159.9, 'low': 115998.1, 'close': 116088.2}",True,9.08335611661e-05,57.06943829867671,213.16867183499562,236.97041314962243,-23.80174131462681,116829.65287978758,115916.58499999999,115003.5171202124,1826.135759575176,0.593977131273049,299.2589592548633,38.75561502437149,50.09779601575599,-61.24438497562851,33.57067672022897,116236.17149518621,44.663936727445865,1872875,-439.6000000000058,-0.09320418429126774,False,False,False,False,False,False,False
1757723400000,116088.2,116318.2,116078.2,116250.6,67345,57.9435,6734500,1,2025-09-13T00:30:00Z,"{'open': 116088.2, 'high': 116318.2, 'low': 116078.2, 'close': 116250.6}",True,9.08335611661e-05,60.40377697636222,214.04167735858937,232.38466599141583,-18.34298863282646,116835.85408211034,115967.0,115098.14591788966,1737.7081642206758,0.6632034687062625,295.02617645094455,51.15875446656517,47.16948847729882,-48.84124553343483,52.70599734321814,116283.04950648961,45.147480733243434,1940220,-423.3999999999942,-0.20439750808446763,False,False,False,False,False,False,False
1757725200000,116242.4,116297.4,116018.0,116024.4,37272,32.084,3727200,1,2025-09-13T01:00:00Z,"{'open': 116242.4, 'high': 116297.4, 'low': 116018.0, 'close': 116024.4}",True,9.08335611661e-05,54.10089924639547,194.2419902063266,224.756130834398,-30.514140628071402,116761.11270660562,116019.13499999998,115277.15729339434,1483.9554132112826,0.5035479502639642,293.9100209901623,28.06533945890701,39.326569649947885,-71.934660541093,27.043655787679377,116300.14552674296,43.20542048354787,1902948,-41.20000000001164,-0.431999917616233,False,False,False,False,False,False,False
1757727000000,116024.3,116086.3,115615.5,115782.0,221984,191.6014,22198400,1,2025-09-13T01:30:00Z,"{'open': 116024.3, 'high': 116086.3, 'low': 115615.5, 'close': 115782.0}",True,9.08335611661e-05,48.28625667265575,157.1790787314094,211.2407204138003,-54.0616416823909,116674.30371836029,116053.61499999999,115432.9262816397,1241.3774367205915,0.28119869753913884,306.54501949086523,14.952851369555455,31.392315098342547,-85.04714863044454,-59.07331441943928,116226.21247424354,55.78580555297049,1680964,-400.1000000000058,-0.7645233728165658,False,False,False,False,True,False,False
1757728800000,115781.9,116015.8,115705.4,115991.4,103623,89.4168,10362300,1,2025-09-13T02:00:00Z,"{'open': 115781.9, 'high': 116015.8, 'low': 115705.4, 'close': 115991.4}",True,9.08335611661e-05,52.986987328486485,143.0542440575373,197.6034251425477,-54.54918108501042,116619.89634291879,116085.165,115550.4336570812,1069.462685837585,0.41232513182396424,306.8203752415184,33.75841939829314,25.592203408918532,-66.24158060170686,-57.031831584917676,116179.89942094446,48.38918186944147,1784587,-7.2000000000116415,-0.06392936408376956,False,False,False,False,True,False,False
1757730600000,115991.3,115991.3,115854.6,115899.8,21593,18.6487,2159300,1,2025-09-13T02:30:00Z,"{'open': 115991.3, 'high': 115991.3, 'low': 115854.6, 'close': 115899.8}",True,9.08335611661e-05,50.8111717499482,123.05040784229641,182.69282168249748,-59.64241384020107,116569.93557649059,116106.81000000001,115643.68442350943,926.25115298116,0.27650770060178276,294.6760627242662,26.858762399622382,25.190011055823657,-73.14123760037762,-72.08453914749533,116059.84706871744,44.03180546163367,1762994,6.600000000005821,-0.24298063126764183,False,False,False,False,True,False,False
1757732400000,115899.7,116034.3,115891.0,115912.5,51018,44.004,5101800,1,2025-09-13T03:00:00Z,"{'open': 115899.7, 'high': 116034.3, 'low': 115891.0, 'close': 115912.5}",True,9.08335611661e-05,51.11092068143814,106.98870815410919,167.55199897681985,-60.563290822710655,116566.09581127179,116110.53,115654.9641887282,911.1316225435876,0.2826548929921206,283.8634868153903,38.125802310654684,32.914328036190064,-61.874197689345316,-68.66665948021024,116025.13339840599,45.913269706306245,1814012,-251.8000000000029,-0.07422503375041234,False,False,False,False,True,False,False
1757734200000,115912.4,116016.6,115872.9,115991.5,43838,37.8117,4383800,1,2025-09-13T03:30:00Z,"{'open': 115912.4, 'high': 116016.6, 'low': 115872.9, 'close': 115991.5}",True,9.08335611661e-05,53.02841648281622,99.48750517156441,153.93910021576878,-54.45159504420437,116558.22887746617,116119.34500000002,115680.46112253386,877.7677549323125,0.35435213439815383,273.85180918572036,48.26700898587933,37.75052456538546,-51.73299101412067,-68.4454061949089,115997.8765511461,45.51123279495774,1857850,-59.5,0.0848194717205176,False,False,False,False,True,False,False
1757736000000,115988.0,115988.0,115768.1,115768.2,47105,40.6646,4710500,1,2025-09-13T04:00:00Z,"{'open': 115988.0, 'high': 115988.0, 'low': 115768.1, 'close': 115768.2}",True,9.08335611661e-05,47.372590807732486,74.66362813200976,138.08400579901698,-63.420377667007216,116560.80647639488,116097.93000000001,115635.05352360514,925.7529527897423,0.14382506260836198,270.24810852959706,19.602053915275622,35.33162173726988,-80.39794608472438,-110.20379380861496,115985.02026457658,45.7440336560765,1810745,-363.40000000000873,-0.3409825566030233,False,False,False,False,True,False,False
1757737800000,115768.2,115869.2,115712.0,115722.1,54267,46.8693,5426700,1,2025-09-13T04:30:00Z,"{'open': 115768.2, 'high': 115869.2, 'low': 115712.0, 'close': 115722.1}",True,9.08335611661e-05,46.27527101413112,50.68636118498398,120.60447687621038,-69.9181156912264,116513.56836453627,116059.6,115605.63163546374,907.936729072535,0.12827806256416224,262.17324363462563,13.684210526316537,27.18442447582382,-86.31578947368347,-129.39785382809677,115981.56751354651,46.28583032735418,1756478,-351.0,-0.28340988013889945,False,False,False,False,True,False,False
1757739600000,115722.0,115872.9,115722.0,115808.3,51615,44.5812,5161500,1,2025-09-13T05:00:00Z,"{'open': 115722.0, 'high': 115872.9, 'low': 115722.0, 'close': 115808.3}",True,9.08335611661e-05,48.66953639862359,38.19948410472716,104.12347832191375,-65.92399421718659,116435.5698549257,116023.62500000003,115611.68014507435,823.8897098513553,0.23864827121232676,254.22515480358055,27.437028603956698,20.241097681849613,-72.56297139604331,-105.37935219825964,115948.52834661982,46.10224633808428,1808093,-279.8999999999942,-0.2783910666864169,False,False,False,False,True,False,False
1757741400000,115808.3,115826.1,115689.9,115736.4,37348,32.2703,3734800,1,2025-09-13T05:30:00Z,"{'open': 115808.3, 'high': 115826.1, 'low': 115689.9, 'close': 115736.4}",True,9.08335611661e-05,46.79620340846886,22.24538400932215,87.74785945939544,-65.50247545007329,116281.39190692626,115976.745,115672.09809307373,609.2938138525351,0.10553513832626751,245.7947866033256,17.20506617333068,19.442101767867964,-82.79493382666932,-119.97384819695958,115935.02404617208,45.066660864908904,1770745,-514.2000000000116,-0.29007582290816014,False,False,False,False,True,False,False
1757743200000,115736.4,115838.9,115691.0,115722.8,33535,28.9784,3353500,1,2025-09-13T06:00:00Z,"{'open': 115736.4, 'high': 115838.9, 'low': 115691.0, 'close': 115722.8}",True,9.08335611661e-05,46.43214487185422,8.407324002837413,71.87975236808384,-63.47242836524643,116280.46819499087,115959.60500000001,115638.74180500915,641.726389981719,0.1309875926923412,238.80230184594478,15.269674114131686,19.970589630473015,-84.73032588586831,-110.05933360711917,115918.36888899383,44.77716704071169,1737210,-301.59999999999127,-0.31476067335008573,False,False,False,False,True,False,False
1757745000000,115718.2,115785.4,115690.9,115772.4,26032,22.4962,2603200,1,2025-09-13T06:30:00Z,"{'open': 115718.2, 'high': 115785.4, 'low': 115690.9, 'close': 115772.4}",True,9.08335611661e-05,48.02040254572165,1.4264242940116674,57.78908675326941,-56.36266245925774,116252.78062296651,115939.12,115625.45937703348,627.3212459330389,0.23423504929753794,228.49499457123443,22.32816280062542,18.26763436269592,-77.67183719937458,-102.5032266082375,115900.63857067123,44.1758252067201,1763242,-9.60000000000582,-0.41135271559889725,False,False,False,False,True,False,False
1757746800000,115772.4,115889.9,115736.5,115855.0,44024,38.0127,4402400,1,2025-09-13T07:00:00Z,"{'open': 115772.4, 'high': 115889.9, 'low': 115736.5, 'close': 115855.0}",True,9.08335611661e-05,50.644817600317765,2.5299766669486417,46.73726473600526,-44.20728806905662,116246.39896011999,115931.93999999999,115617.48103987999,628.9179202399973,0.3776628912551463,223.1310663875744,34.08282339547474,23.893553436743943,-65.91717660452527,-56.754244210405794,115883.61261846217,46.04698011095315,1807266,-136.39999999999418,-0.14600377162044725,False,False,False,False,True,False,False
1757748600000,115855.0,115883.8,115807.0,115807.0,43288,37.37,4328800,1,2025-09-13T07:30:00Z,"{'open': 115855.0, 'high': 115883.8, 'low': 115807.0, 'close': 115807.0}",True,9.08335611661e-05,49.0936081780398,-0.4633082450600341,37.2971501397922,-37.760458384852235,116246.42770450826,115927.62999999998,115608.8322954917,637.5954090165615,0.31080478577153275,212.67884735989074,28.08329667106638,28.164760955722173,-71.91670332893362,-51.82911334506181,115853.52180365492,45.97908620080431,1763978,-92.80000000000291,0.021592302775906444,False,False,False,False,True,False,False
1757750400000,115807.0,115885.0,115805.0,115885.0,33064,28.5501,3306400,1,2025-09-13T08:00:00Z,"{'open': 115807.0, 'high': 115885.0, 'low': 115805.0, 'close': 115885.0}",True,9.08335611661e-05,51.68342819755904,3.419027601601556,30.521525632154074,-27.102498030552518,116213.68636107241,115913.665,115613.64363892758,600.0427221448335,0.45222840150859345,203.20178683418428,57.24299065420525,39.80303690691545,-42.75700934579475,-33.88330245369693,115841.79987386141,44.986787641856004,1797042,-27.5,-0.09173093867303454,False,False,False,False,True,False,False
1757752200000,115884.9,116084.3,115884.9,116008.3,41505,35.7803,4150500,1,2025-09-13T08:30:00Z,"{'open': 115884.9, 'high': 116084.3, 'low': 115884.9, 'close': 116008.3}",True,9.08335611661e-05,55.53443462719841,16.257677879169933,27.668756081557248,-11.411078202387316,116208.20079465251,115911.53,115614.85920534749,593.341589305026,0.6630932362475208,202.93023063174317,80.73022312373269,55.3521701496681,-19.269776876267322,43.38322465916893,115856.5706026963,46.02253129809603,1838547,16.80000000000291,0.0936153470497792,False,False,False,False,True,False,False
1757754000000,116008.4,116056.3,115890.7,115890.7,68753,59.2752,6875300,1,2025-09-13T09:00:00Z,"{'open': 116008.4, 'high': 116056.3, 'low': 115890.7, 'close': 115890.7}",True,9.08335611661e-05,51.33205116744336,16.749980200605933,25.485000905366988,-8.735020704761055,116178.47218447224,115899.48499999999,115620.49781552773,557.9743689445022,0.48425554919913766,200.2637855866191,50.912778904664926,62.96199756086762,-49.087221095335074,22.284508114457957,115858.59102702189,49.33834458249077,1769794,122.5,-0.018807289981669716,False,False,False,False,True,False,False
1757755800000,115890.7,116069.5,115890.7,116059.9,42846,36.9455,4284600,1,2025-09-13T09:30:00Z,"{'open': 115890.7, 'high': 116069.5, 'low': 115890.7, 'close': 116059.9}",True,9.08335611661e-05,56.43949868971381,30.442240079762996,26.47644874024619,3.965791339516805,116176.22411229085,115898.825,115621.42588770915,554.7982245816966,0.7903307776830819,198.73065804471796,93.81338742393301,75.15212981744354,-6.1866125760669854,65.69843411947934,115866.87715588495,46.41865118659295,1812640,337.79999999998836,0.05896983830711232,False,False,True,False,True,False,False
1757757600000,116059.8,116213.0,115989.9,116069.4,51628,44.4707,5162800,1,2025-09-13T10:00:00Z,"{'open': 116059.8, 'high': 116213.0, 'low': 115989.9, 'close': 116069.4}",True,9.08335611661e-05,56.714170785863416,41.58070875910926,29.49730074401881,12.083408015090448,116172.82739596642,115897.88500000001,115622.9426040336,549.8847919328255,0.8119107902532015,200.4713253272385,72.54826992926702,72.42481208595497,-27.45173007073298,118.89443812759217,115879.0379443202,47.551690960891044,1864268,261.09999999999127,0.26017507398404494,False,False,False,False,True,False,False
1757759400000,116067.1,116113.7,115946.0,115967.1,27958,24.0993,2795800,1,2025-09-13T10:30:00Z,"{'open': 116067.1, 'high': 116113.7, 'low': 115946.0, 'close': 115967.1}",True,9.08335611661e-05,52.84960976310792,41.672891242822516,31.93241884377955,9.740472399042964,116109.24529125118,115883.71,115658.17470874883,451.07058250234695,0.68487128896189,198.1305163752927,52.99177977442335,73.11781237587445,-47.00822022557665,81.27513161712774,115879.15036823403,44.801793964520265,1836310,230.70000000001164,0.21171409782573938,False,False,False,False,True,False,False
1757761200000,115967.1,115974.5,115901.2,115924.7,28844,24.8845,2884400,1,2025-09-13T11:00:00Z,"{'open': 115967.1, 'high': 115974.5, 'low': 115901.2, 'close': 115924.7}",True,9.08335611661e-05,51.28965060000655,37.88787306062295,33.123509687148236,4.7643633734747155,116095.85184656615,115878.725,115661.59815343386,434.25369313228293,0.6058712930415685,189.21405091991485,44.88625501816102,56.80876824061712,-55.11374498183898,37.6410639315245,115884.86837783712,44.930170113510144,1807466,201.89999999999418,0.10051093056369377,False,False,False,False,True,False,False
1757763000000,115930.9,116034.6,115930.9,115996.6,26583,22.9219,2658300,1,2025-09-13T11:30:00Z,"{'open': 115930.9, 'high': 116034.6, 'low': 115930.9, 'close': 115996.6}",True,9.08335611661e-05,53.78102758052915,40.22624487731082,34.54405672518075,5.682188152130067,116107.60928920779,115889.455,115671.30071079222,436.3085784155701,0.7455716098663361,183.548761568493,58.63123685719905,52.16975721659446,-41.36876314280095,72.53301172031394,115901.1683700673,44.644817433608274,1834049,224.20000000001164,0.2248212316954836,False,False,False,False,True,False,False
1757764800000,115991.6,115991.6,115883.9,115889.5,28929,24.9584,2892900,1,2025-09-13T12:00:00Z,"{'open': 115991.6, 'high': 115991.6, 'low': 115883.9, 'close': 115889.5}",True,9.08335611661e-05,49.70303548711319,33.05629407981178,34.24650419610696,-1.1902101162951837,116097.45364514166,115884.36000000002,115671.26635485837,426.18729028329835,0.5120604253509488,178.48813574217291,38.15714012617159,47.22487733384387,-61.84285987382841,20.874352943573726,115911.94760609878,45.034887962375905,1805120,34.5,0.14405112907741352,False,False,False,True,True,False,False
1757766600000,115889.6,116081.5,115889.6,116031.1,29819,25.7105,2981900,1,2025-09-13T12:30:00Z,"{'open': 115889.6, 'high': 116081.5, 'low': 115889.6, 'close': 116031.1}",True,9.08335611661e-05,54.60411997232452,38.35782785293122,35.068768927471815,3.2890589254594076,116113.40050764018,115890.925,115668.44949235982,444.95101528035593,0.8150346783941622,179.4532689034463,65.15993104769352,53.98276934368804,-34.84006895230648,74.86400840312636,115928.39770251527,45.192674571458326,1834939,224.10000000000582,0.22345567682799328,False,False,True,False,True,False,False
1757768400000,116031.1,116031.2,115916.0,115979.6,24182,20.8591,2418200,1,2025-09-13T13:00:00Z,"{'open': 116031.1, 'high': 116031.2, 'low': 115916.0, 'close': 115979.6}",True,9.08335611661e-05,52.5967029903207,37.96606282785069,35.64822770754759,2.3178351203031013,116119.95649944058,115894.28,115668.60350055942,451.35299888116424,0.6890316453230672,174.86374969605706,55.29592032177905,52.87099716521471,-44.70407967822095,54.534531928933795,115942.10678139483,44.32476950629348,1810757,94.60000000000582,0.10754822838893946,False,False,False,False,True,False,False
1757770200000,115979.6,115979.6,115633.7,115783.6,111737,96.5258,11173700,1,2025-09-13T13:30:00Z,"{'open': 115979.6, 'high': 115979.6, 'low': 115633.7, 'close': 115783.6}",True,9.08335611661e-05,45.70937190184798,21.591135097914957,32.836809185621064,-11.245674087706107,116109.8436800717,115883.88499999998,115657.92631992826,451.91736014344497,0.27808995881870413,187.0806247177679,25.87605731054859,48.77730289334037,-74.12394268945141,-65.88154854529589,115923.89960132191,57.861194948422934,1699020,-224.6999999999971,-0.020206032450537686,False,False,False,True,True,False,False
1757772000000,115778.3,115967.9,115615.4,115921.0,136792,118.2114,13679200,1,2025-09-13T14:00:00Z,"{'open': 115778.3, 'high': 115967.9, 'low': 115615.4, 'close': 115921.0}",True,9.08335611661e-05,50.59354940795079,19.476406704401597,30.164728689377174,-10.688321984975577,116111.57669279001,115891.525,115671.47330720998,440.1033855800342,0.5669728999270461,198.89629438078447,51.137884872825104,44.103287501717574,-48.862115127174896,-40.18184381166744,115912.50095919885,60.79846063071484,1835812,30.30000000000291,0.03106528023471545,False,False,False,False,True,False,False
1757773800000,115921.1,115936.2,115794.3,115815.4,42410,36.6117,4241000,1,2025-09-13T14:30:00Z,"{'open': 115921.1, 'high': 115936.2, 'low': 115794.3, 'close': 115815.4}",True,9.08335611661e-05,47.087379457435006,9.173683242770494,25.96651960005584,-16.792836357285346,116105.36393623432,115896.19000000002,115687.01606376571,418.3478724686138,0.30688320577969735,194.8251304964423,33.467202141900614,36.827048108424755,-66.53279785809939,-34.7433395918313,115913.5802005611,47.39605730037392,1793402,-244.5,-0.16628120574132085,False,False,False,False,True,False,False
1757775600000,115811.9,115944.0,115765.3,115842.2,18296,15.7966,1829600,1,2025-09-13T15:00:00Z,"{'open': 115811.9, 'high': 115944.0, 'low': 115765.3, 'close': 115842.2}",True,9.08335611661e-05,48.070946084141774,3.1350972458458273,21.400235129213836,-18.26513788336801,116104.71898439266,115897.88499999998,115691.0510156073,413.66796878536115,0.3653872085782009,193.67333546098195,37.95180722891578,40.852298081213824,-62.04819277108422,-36.17634628363731,115914.56885977677,44.68571834179259,1811698,-227.1999999999971,-0.041849777419585864,False,False,False,False,True,False,False
1757777400000,115842.2,115853.7,115629.0,115786.5,49975,43.1958,4997500,1,2025-09-13T15:30:00Z,"{'open': 115842.2, 'high': 115853.7, 'low': 115629.0, 'close': 115786.5}",True,9.08335611661e-05,46.150823088017134,-6.075021096432465,15.905183884084577,-21.980204980517044,116100.44259208454,115900.38999999998,115700.33740791543,400.1051841691078,0.21534985172337007,195.88952578519732,28.631191432396946,33.35006693440443,-71.36880856760305,-107.96139851289925,115898.39609985403,48.82589205357864,1761723,-180.60000000000582,-0.23556801272445882,False,False,False,False,True,False,False
1757779200000,115786.5,115836.9,115477.3,115560.5,101961,88.2132,10196100,1,2025-09-13T16:00:00Z,"{'open': 115786.5, 'high': 115836.9, 'low': 115477.3, 'close': 115560.5}",True,9.08335611661e-05,39.292822297441255,-31.250184799398994,6.474110147387862,-37.724294946786856,116130.08800952588,115892.275,115654.46199047411,475.62601905176416,-0.19755435302181368,207.58313108625404,11.308957455484222,25.963985372265643,-88.69104254451578,-189.4405573760835,115855.24693441005,54.80420856706206,1659762,-364.1999999999971,-0.4384445857392166,False,False,False,False,False,False,True
1757781000000,115560.6,115607.1,115123.3,115342.4,382264,331.4643,38226400,1,2025-09-13T16:30:00Z,"{'open': 115560.6, 'high': 115607.1, 'low': 115123.3, 'close': 115342.4}",True,9.08335611661e-05,34.03636477602919,-68.01647904189304,-8.424007690468319,-59.59247135142472,116205.8936767397,115870.775,115535.6563232603,670.2373534794024,-0.28834012645974966,227.3129074372361,20.106451316875457,20.015533401585532,-79.89354868312455,-302.0337956040237,115669.90140644208,73.07131593539633,1277498,-654.2000000000116,-0.5386872656124121,False,False,False,False,False,False,True
1757782800000,115344.6,115468.2,115180.0,115400.4,136423,118.2902,13642300,1,2025-09-13T17:00:00Z,"{'open': 115344.6, 'high': 115468.2, 'low': 115180.0, 'close': 115400.4}",True,9.08335611661e-05,36.47032555758634,-91.42008303197508,-25.023222758769673,-66.3968602732054,116241.03186224833,115848.04500000001,115455.0581377517,785.9737244966382,-0.06954194020506767,231.66198547743332,27.978594507269072,19.798001093209574,-72.02140549273092,-239.98038857538893,115612.8122887499,52.883032680365794,1413921,-489.1000000000058,-0.4522763483537183,False,False,False,False,False,False,True
1757784600000,115400.4,115595.4,115400.4,115575.4,52757,45.6806,5275700,1,2025-09-13T17:30:00Z,"{'open': 115400.4, 'high': 115595.4, 'low': 115400.4, 'close': 115575.4}",True,9.08335611661e-05,43.27179533347549,-94.7543017361022,-38.96943855423618,-55.78486318186603,116246.87017674584,115836.46500000001,115426.05982325418,820.810353491659,0.18194236477467898,229.04327222904521,47.18221665622966,31.755754160124724,-52.81778334377034,-129.90273203410433,115599.34118046092,48.0205408577394,1466678,-455.70000000001164,-0.36311409127509914,False,False,False,False,False,False,False
1757786400000,115575.4,115675.4,115445.2,115660.9,33215,28.7541,3321500,1,2025-09-13T18:00:00Z,"{'open': 115575.4, 'high': 115675.4, 'low': 115445.2, 'close': 115660.9}",True,9.08335611661e-05,46.29688577358758,-89.46624742467247,-49.06880032832344,-40.39744709634903,116241.94175577987,115825.26000000001,115408.57824422015,833.3635115597281,0.3027751422756703,229.12589564125605,56.10519724483332,43.75533613611068,-43.89480275516668,-86.9061506384001,115590.98578236312,46.93500521474214,1499893,-318.70000000001164,-0.1972568696905292,False,False,False,False,False,False,False
1757788200000,115660.8,115660.8,115530.0,115648.0,26292,22.748,2629200,1,2025-09-13T18:30:00Z,"{'open': 115660.8, 'high': 115660.8, 'low': 115530.0, 'close': 115648.0}",True,9.08335611661e-05,45.899188503259566,-85.3326863838156,-56.321577539421874,-29.011108844393725,116221.8641238954,115807.245,115392.62587610459,829.2382477908104,0.30796230706405187,222.10976023830878,54.758922980588466,52.68211229388381,-45.241077019411534,-70.04824625065577,115582.50960595788,46.53368183337087,1473601,-135.60000000000582,-0.33017010094707866,False,False,False,False,False,False,False
1757790000000,115649.3,115678.8,115582.6,115655.1,21491,18.5876,2149100,1,2025-09-13T19:00:00Z,"{'open': 115649.3, 'high': 115678.8, 'low': 115582.6, 'close': 115655.1}",True,9.08335611661e-05,46.173252691321736,-80.55530737592198,-61.168323506721904,-19.38698386920008,116213.3054206151,115795.46500000001,115377.62457938492,835.6808412301762,0.33203515855002863,213.11620593557222,55.499895637654404,55.45467195435872,-44.500104362345596,-53.57891551550205,115575.1432833682,46.238409648034654,1495092,-265.8999999999942,-0.27979058386129974,False,False,False,False,False,False,False
1757791800000,115655.1,115809.9,115655.1,115799.2,44654,38.5861,4465400,1,2025-09-13T19:30:00Z,"{'open': 115655.1, 'high': 115809.9, 'low': 115655.1, 'close': 115799.2}",True,9.08335611661e-05,51.53901091508942,-64.39918071874126,-61.81449494912577,-2.58468576961549,116182.34072553732,115782.42999999998,115382.51927446264,799.8214510746766,0.5209671795842505,208.95076265445908,74.4465249476813,61.568447855308044,-25.553475052318703,-7.048098804453052,115571.19279111968,47.954293224356036,1539746,-16.19999999999709,0.013473410742101012,False,False,False,False,False,False,False
1757793600000,115807.2,115998.1,115807.2,115923.2,58564,50.523,5856400,1,2025-09-13T20:00:00Z,"{'open': 115807.2, 'high': 115998.1, 'low': 115807.2, 'close': 115923.2}",True,9.08335611661e-05,55.63721993638787,-41.11561503894336,-57.67471896708929,16.55910392814593,116158.79659089369,115775.12,115391.4434091063,767.3531817873882,0.69297502573076,208.23285103628405,91.43804298125188,73.79482118886251,-8.561957018748112,58.216552814628706,115579.43818284271,49.006847685758366,1598310,81.0,0.001897844221493163,False,False,True,False,False,False,False
1757795400000,115919.6,115968.5,115865.7,115910.2,20940,18.0811,2094000,1,2025-09-13T20:30:00Z,"{'open': 115919.6, 'high': 115968.5, 'low': 115865.7, 'close': 115910.2}",True,9.08335611661e-05,55.11102499323216,-23.44198819536541,-50.82817281274452,27.386184617379108,116151.02743563548,115772.275,115393.52256436451,757.5048712709686,0.682078037027785,200.7019331051211,89.95198902606214,85.27885231833177,-10.048010973937865,63.848694517641405,115563.89071469719,46.280506002683474,1577370,123.69999999999709,0.08185439932858922,False,False,False,False,False,False,False
1757797200000,115909.3,115996.9,115865.8,115973.7,38381,33.1024,3838100,1,2025-09-13T21:00:00Z,"{'open': 115909.3, 'high': 115996.9, 'low': 115865.8, 'close': 115973.7}",True,9.08335611661e-05,57.23842892830531,-4.262457327087759,-41.51502971561317,37.25257238852541,116157.9966106103,115774.725,115391.45338938972,766.5432212205778,0.7595744042758091,195.7303664547547,97.21079103795054,92.86694101508817,-2.789208962049457,75.95126804451974,115542.08466655573,47.73211464528014,1615751,413.1999999999971,0.11351649053626398,False,False,False,False,False,False,False
1757799000000,115973.7,115973.7,115850.7,115915.9,30347,26.1921,3034700,1,2025-09-13T21:30:00Z,"{'open': 115973.7, 'high': 115973.7, 'low': 115850.7, 'close': 115915.9}",True,9.08335611661e-05,54.69736567246375,6.201989448076347,-31.971625882875262,38.173615330951606,116146.152881787,115770.68999999999,115395.22711821298,750.9257635740214,0.6933746410682213,190.53534027941507,90.60356652949116,92.58878219783462,-9.396433470508844,65.68511449583413,115540.3797835677,47.10073518912045,1585404,573.5,0.11175741558816803,False,False,False,False,False,False,False
1757800800000,115915.9,115955.1,115858.5,115858.6,13554,11.6973,1355400,1,2025-09-13T22:00:00Z,"{'open': 115915.9, 'high': 115955.1, 'low': 115858.5, 'close': 115858.6}",True,9.08335611661e-05,52.22225371224629,9.759011970512802,-23.62549831219765,33.38451028271045,116142.88996371163,115769.14499999999,115395.40003628835,747.4899274232739,0.6196738534101497,183.82567311660014,84.05349794238688,90.6226185032762,-15.946502057613115,57.28549979002107,115539.46441852047,45.73883276469642,1571850,458.20000000001164,0.2579601161296514,False,False,False,False,False,False,False
1757802600000,115858.6,115901.4,115815.7,115880.0,29890,25.8192,2989000,1,2025-09-13T22:30:00Z,"{'open': 115858.6, 'high': 115901.4, 'low': 115815.7, 'close': 115880.0}",True,9.08335611661e-05,53.07626738637243,14.141761673614383,-16.072046315035244,30.213807988649627,116119.6272433139,115761.59,115403.5527566861,716.0744866277964,0.665359892317391,176.81669646541422,86.49977137631396,87.05227861606399,-13.500228623686034,51.11053679745629,115538.36404722567,47.33415879851752,1601740,304.6000000000058,0.4660905269874789,False,False,False,False,False,False,False
1757804400000,115880.0,115991.0,115876.5,115893.1,21773,18.7806,2177300,1,2025-09-13T23:00:00Z,"{'open': 115880.0, 'high': 115991.0, 'low': 115876.5, 'close': 115893.1}",True,9.08335611661e-05,53.622762454073495,18.459394498859183,-9.165758152256359,27.625152651115542,116106.64895655755,115757.26499999998,115407.88104344242,698.7679131151235,0.6943921543198305,172.36550386074177,87.99725651577508,86.18350861149196,-12.002743484224926,76.95826991262851,115537.80440648184,46.60101327840849,1623513,232.20000000001164,0.42694826014468895,False,False,False,False,False,False,False
1757806200000,115893.0,115939.7,115870.9,115926.6,8443,7.2868,844300,1,2025-09-13T23:30:00Z,"{'open': 115893.0, 'high': 115939.7, 'low': 115870.9, 'close': 115926.6}",True,9.08335611661e-05,55.064034513090704,24.30415646167239,-2.471775229470609,26.775931691143,116121.43155577833,115764.41500000001,115407.39844422169,714.0331115566369,0.7271393264192247,164.96796787068897,91.26023713482465,88.58575500897122,-8.739762865175344,69.21853805925436,115672.0416826898,45.358521013314636,1631956,278.6000000000058,0.3038708929408955,False,False,False,False,False,False,False
1757808000000,115926.6,116010.5,115907.8,115997.6,31605,27.2629,3160500,1,2025-09-14T00:00:00Z,"{'open': 115926.6, 'high': 116010.5, 'low': 115907.8, 'close': 115997.6}",True,9.08335611661e-05,58.04030014208306,34.27023313954123,4.87662644433176,29.393606695209474,116133.44826107501,115768.24500000002,115403.04173892504,730.4065221499768,0.8140100656889906,160.52025587992526,97.88559252581642,92.38102872547204,-2.1144074741835857,88.8163180675443,115795.85724825926,47.95513169315305,1663561,342.5,0.291109614398653,False,False,False,False,False,False,False
1757809800000,115997.6,116005.8,115822.6,115944.1,51697,44.6086,5169700,1,2025-09-14T00:30:00Z,"{'open': 115997.6, 'high': 116005.8, 'low': 115822.6, 'close': 115944.1}",True,9.08335611661e-05,55.07989705614397,37.42006263769872,11.385313683005151,26.03474895469357,116147.4373773915,115774.67999999998,115401.92262260846,745.514754783042,0.7272523768484389,162.14023760278752,88.25402441181782,92.46661802415296,-11.745975588182175,66.03185819384822,115844.57454720866,50.16736067849427,1611864,144.90000000000873,0.2560355561704533,False,False,False,False,False,False,False
1757811600000,115944.0,115944.0,115741.3,115826.1,48229,41.6569,4822900,1,2025-09-14T01:00:00Z,"{'open': 115944.0, 'high': 115944.0, 'low': 115741.3, 'close': 115826.1}",True,9.08335611661e-05,49.12790489069743,30.048332898222725,15.117917526048666,14.930415372174059,116146.11481987397,115773.875,115401.63518012603,744.4796397479367,0.5701496685895775,165.04450634544577,61.62330905307093,82.58764199690172,-38.37669094692907,31.07252520312661,115862.44896320222,49.77408593155285,1563635,-97.09999999999127,0.14785340205490288,False,False,False,False,False,False,False
1757813400000,115826.0,115997.4,115794.0,115970.8,35643,30.7499,3564300,1,2025-09-14T01:30:00Z,"{'open': 115826.0, 'high': 115997.4, 'low': 115794.0, 'close': 115970.8}",True,9.08335611661e-05,55.48100616622438,35.47334996389691,19.189004013618316,16.284345950278592,116165.11988312409,115783.09000000001,115401.06011687593,764.0597662481596,0.7456744986347382,167.78418446362778,90.72213133909847,80.19982160132906,-9.277868660901525,59.568477228831334,115881.42410823406,48.294415341624024,1599278,60.60000000000582,0.1481875522456164,False,False,False,False,False,False,False
1757815200000,115970.9,116119.5,115937.7,116014.2,73628,63.4655,7362800,1,2025-09-14T02:00:00Z,"{'open': 115970.9, 'high': 116119.5, 'low': 115937.7, 'close': 116014.2}",True,9.08335611661e-05,57.207173941622116,42.78157302144973,23.907517815184598,18.874055206265133,116186.11892265393,115805.775,115425.43107734606,760.687845307868,0.7739954388460729,168.78531414479744,77.32558139534792,76.55700726250576,-22.674418604652075,92.47683121925475,115912.36218328774,52.85008045175356,1672906,40.5,0.07850024844034671,False,False,False,False,False,False,False
1757817000000,116014.1,116014.1,115754.4,115858.2,40858,35.276,4085800,1,2025-09-14T02:30:00Z,"{'open': 116014.1, 'high': 116014.1, 'low': 115754.4, 'close': 115858.2}",True,9.08335611661e-05,49.74139423664299,35.57540506916121,26.241095265979922,9.334309803181284,116147.17140218438,115831.56500000002,115515.95859781565,631.2128043687262,0.5421965457855656,175.286363134455,30.909571655207582,66.31909479655131,-69.09042834479241,28.53098833779329,115923.35482644626,48.851198744362584,1632048,-57.69999999999709,-0.04486231582725248,False,False,False,False,False,False,False
1757818800000,115865.5,115875.5,115656.5,115748.6,76436,66.0371,7643600,1,2025-09-14T03:00:00Z,"{'open': 115865.5, 'high': 115875.5, 'low': 115656.5, 'close': 115748.6}",True,9.08335611661e-05,45.27128498292779,20.78110932225536,25.149098077235013,-4.3679887549796526,116099.15684486438,115848.975,115598.79315513563,500.3636897287506,0.2993959152903087,178.40876576770822,19.892008639310113,42.70905389662187,-80.1079913606899,-44.47227078707,115900.99392963629,53.008416356665236,1555612,-110.0,-0.19409573032505756,False,False,False,True,True,False,False
1757820600000,115748.6,115768.6,115636.7,115671.8,38386,33.1846,3838600,1,2025-09-14T03:30:00Z,"{'open': 115748.6, 'high': 115768.6, 'low': 115636.7, 'close': 115671.8}",True,9.08335611661e-05,42.39612697416083,2.826819385838462,20.684642338955705,-17.857822953117243,116085.75957897649,115853.795,115621.83042102351,463.92915795298177,0.10770950288397232,175.08671107001538,7.270091135046729,19.357223809854798,-92.72990886495327,-99.30681256638726,115885.59603175781,48.47101471434715,1517226,-208.1999999999971,-0.21058370767081244,False,False,False,False,True,False,False
1757822400000,115674.0,115734.6,115454.7,115734.6,58307,50.4496,5830700,1,2025-09-14T04:00:00Z,"{'open': 115674.0, 'high': 115734.6, 'low': 115454.7, 'close': 115734.6}",True,9.08335611661e-05,45.44710982496702,-6.262459845107514,15.295221902143062,-21.557681747250577,116079.1848542539,115857.48000000001,115635.77514574613,443.4097085077665,0.2228748093641428,182.57337456501492,42.10288808664373,23.08832928700018,-57.89711191335627,-138.52338502098752,115855.99298599132,50.84340086877659,1575533,-158.5,-0.10702701396357282,False,False,False,False,True,False,False
1757824200000,115734.6,115775.0,115722.7,115756.0,29793,25.7405,2979300,0,2025-09-14T04:30:00Z,"{'open': 115734.6, 'high': 115775, 'low': 115722.7, 'close': 115756}",True,9.08335611661e-05,46.48723189541647,-11.605200440913904,9.915137433531669,-21.520337874445573,116068.59744311005,115862.88,115657.16255688996,411.4348862200859,0.2402262093476631,173.26813352465692,45.32190132370662,31.56496018179902,-54.67809867629338,-75.81930648902306,115847.27947723986,47.47422727552296,1605326,-170.60000000000582,-0.10700724887814982,False,False,False,False,True,False,False
1757824200000,115734.6,115775.0,115722.7,115756.0,29793,25.7405,2979300,0,2025-09-14T04:30:00Z,"{'open': 115734.6, 'high': 115775.0, 'low': 115722.7, 'close': 115756.0}",False,9.08335611661e-05,46.48723189541647,-15.65885531863023,4.800338883099289,-20.45919420172952,116057.31354109933,115867.925,115678.53645890068,378.7770821986487,0.2045095776377935,164.6275525586102,45.32190132370662,44.24889691135232,-54.67809867629338,-87.09377150025927,115841.27322754511,47.47422727552296,1635119,-241.60000000000582,-0.11829867351896345,False,False,False,False,True,False,False
